order_id,order_date,region,size,topping,unit_price,quantity,line_total
1001,2026-01-01,West,Small,Cheese,8.0,1,8.0
1002,2026-01-01,North,Large,Veggie,14.0,1,14.0
1003,2026-01-01,South,Large,Cheese,14.0,1,14.0
1004,2026-01-01,West,Medium,Cheese,11.0,2,22.0
1005,2026-01-01,West,Small,Cheese,8.0,1,8.0
1006,2026-01-08,North,Large,BBQ Chicken,14.0,4,56.0
1007,2026-01-08,South,Small,Cheese,8.0,2,16.0
1008,2026-01-08,West,Medium,Pepperoni,11.0,1,11.0
1009,2026-01-08,East,Large,BBQ Chicken,14.0,2,28.0
1010,2026-01-15,South,Large,Veggie,14.0,1,14.0
1011,2026-01-15,North,Large,BBQ Chicken,14.0,1,14.0
1012,2026-01-15,South,Large,Supreme,14.0,4,56.0
1013,2026-01-15,West,Medium,BBQ Chicken,11.0,4,44.0
1014,2026-01-22,South,Medium,Pepperoni,11.0,2,22.0
1015,2026-01-22,East,Small,BBQ Chicken,8.0,4,32.0
1016,2026-01-22,West,Medium,Veggie,11.0,1,11.0
1017,2026-01-22,West,Small,Pepperoni,8.0,3,24.0
1018,2026-01-22,West,Small,Supreme,8.0,1,8.0
1019,2026-02-01,East,Small,Veggie,8.0,3,24.0
1020,2026-02-01,West,Large,BBQ Chicken,14.0,4,56.0
1021,2026-02-01,North,Small,Veggie,8.0,4,32.0
1022,2026-02-01,North,Large,Cheese,14.0,3,42.0
1023,2026-02-01,West,Large,Veggie,14.0,4,56.0
1024,2026-02-01,East,Large,Cheese,14.0,4,56.0
1025,2026-02-08,North,Small,Supreme,8.0,1,8.0
1026,2026-02-08,East,Small,Pepperoni,8.0,2,16.0
1027,2026-02-08,West,Medium,Supreme,11.0,1,11.0
1028,2026-02-08,West,Small,Supreme,8.0,3,24.0
1029,2026-02-08,West,Small,BBQ Chicken,8.0,3,24.0
1030,2026-02-15,East,Medium,Supreme,11.0,2,22.0
1031,2026-02-15,North,Small,Pepperoni,8.0,2,16.0
1032,2026-02-15,South,Small,Cheese,8.0,4,32.0
1033,2026-02-15,South,Large,Veggie,14.0,3,42.0
1034,2026-02-15,South,Small,Supreme,8.0,3,24.0
1035,2026-02-15,East,Large,Pepperoni,14.0,1,14.0
1036,2026-02-22,West,Large,Supreme,14.0,4,56.0
1037,2026-02-22,North,Medium,Supreme,11.0,4,44.0
1038,2026-02-22,South,Small,Cheese,8.0,2,16.0
1039,2026-02-22,South,Medium,Cheese,11.0,3,33.0
1040,2026-02-22,North,Large,Cheese,14.0,1,14.0
1041,2026-03-01,North,Small,Veggie,8.0,1,8.0
1042,2026-03-01,South,Small,BBQ Chicken,8.0,4,32.0
1043,2026-03-01,East,Small,Veggie,8.0,3,24.0
1044,2026-03-01,North,Medium,Cheese,11.0,4,44.0
1045,2026-03-01,West,Medium,Supreme,11.0,3,33.0
1046,2026-03-01,South,Small,Cheese,8.0,3,24.0
1047,2026-03-08,West,Medium,Pepperoni,11.0,1,11.0
1048,2026-03-08,East,Small,Pepperoni,8.0,1,8.0
1049,2026-03-08,East,Large,Cheese,14.0,3,42.0
1050,2026-03-08,East,Large,Pepperoni,14.0,3,42.0
1051,2026-03-08,East,Small,Pepperoni,8.0,2,16.0
1052,2026-03-08,West,Small,Pepperoni,8.0,2,16.0
1053,2026-03-15,East,Medium,Cheese,11.0,1,11.0
1054,2026-03-15,West,Medium,Veggie,11.0,2,22.0
1055,2026-03-15,East,Large,Supreme,14.0,3,42.0
1056,2026-03-15,North,Medium,Pepperoni,11.0,1,11.0
1057,2026-03-15,West,Small,Pepperoni,8.0,3,24.0
1058,2026-03-15,West,Small,BBQ Chicken,8.0,1,8.0
1059,2026-03-22,East,Large,Cheese,14.0,1,14.0
1060,2026-03-22,South,Medium,Supreme,11.0,2,22.0
1061,2026-03-22,East,Medium,Cheese,11.0,4,44.0
1062,2026-03-22,West,Medium,Cheese,11.0,2,22.0
1063,2026-03-22,South,Small,Cheese,8.0,2,16.0
