player_id,player_name,bats,throws,birth_country,birth_year
perdoge01,Geraldo Perdomo,B,R,D.R.,1999
carroco02,Corbin Carroll,L,L,USA,2000
gurrilo01,Lourdes Gurriel,R,R,Cuba,1993
marteke01,Ketel Marte,B,R,D.R.,1993
thomaal01,Alek Thomas,L,L,USA,2000
suareeu01,Eugenio Suarez,R,R,Venezuela,1991
naylojo01,Josh Naylor,L,L,CAN,1997
morenga01,Gabriel Moreno,R,R,Venezuela,2000
smithpa04,Pavin Smith,L,L,USA,1996
alexabl01,Blaze Alexander,R,R,USA,1999
mccarja02,Jake McCarthy,L,L,USA,1997
grichra01,Randal Grichuk,R,R,USA,1991
rookebr01,Brent Rooker,R,R,USA,1994
butlela01,Lawrence Butler,L,R,USA,2000
soderty01,Tyler Soderstrom,L,R,USA,2001
wilsoja04,Jacob Wilson,R,R,USA,2002
langesh01,Shea Langeliers,R,R,USA,1997
kurtzni01,Nick Kurtz,L,L,USA,2003
bledajj01,JJ Bleday,L,L,USA,1997
uriaslu01,Luis Urias,R,R,México,1997
andujmi01,Miguel Andujar,R,R,D.R.,1995
muncyma02,Max Muncy,R,R,USA,2002
olsonma02,Matt Olson,L,R,USA,1994
harrimi04,Michael Harris,L,L,USA,2001
albieoz01,Ozzie Albies,B,R,Curaçao,1997
ozunama01,Marcell Ozuna,R,R,D.R.,1990
rileyau01,Austin Riley,R,R,USA,1997
baldwdr01,Drake Baldwin,L,R,USA,2001
allenni02,Nick Allen,R,R,USA,1998
acunaro01,Ronald Acuña,R,R,Venezuela,1997
profaju01,Jurickson Profar,B,R,Curaçao,1993
murphse01,Sean Murphy,R,R,USA,1994
whiteel04,Eli White,R,R,USA,1994
arciaor01,Orlando Arcia,R,R,Venezuela,1994
hollija01,Jackson Holliday,L,R,USA,2003
hendegu01,Gunnar Henderson,L,R,USA,2001
mountry01,Ryan Mountcastle,R,R,USA,1997
westbjo01,Jordan Westburg,R,R,USA,1999
cowseco01,Colton Cowser,L,R,USA,2000
rutscad01,Adley Rutschman,B,R,USA,1998
mullice01,Cedric Mullins,L,L,USA,1994
ohearry01,Ryan O'Hearn,L,L,USA,1993
mayoco01,Coby Mayo,R,R,USA,2001
laurera01,Ramon Laureano,R,R,D.R.,1994
uriasra01,Ramon Urias,R,R,México,1994
carlsdy01,Dylan Carlson,B,L,USA,1998
duranja01,Jarren Duran,L,R,USA,1996
storytr01,Trevor Story,R,R,USA,1992
rafaece01,Ceddanne Rafaela,R,R,Curaçao,2000
bregmal01,Alex Bregman,R,R,USA,1994
narvaca01,Carlos Narváez,R,R,Venezuela,1998
abreuwi02,Wilyer Abreu,L,L,Venezuela,1999
gonzaro01,Romy Gonzalez,R,R,USA,1996
deverra01,Rafael Devers,L,R,D.R.,1996
toroab01,Abraham Toro,B,R,CAN,1996
anthoro01,Roman Anthony,L,R,USA,2004
campbkr01,Kristian Campbell,R,R,USA,2002
lowena01,Nathaniel Lowe,L,R,USA,1995
hoernni01,Nico Hoerner,R,R,USA,1997
crowape01,Pete Crow-Armstrong,L,L,USA,2002
swansda01,Dansby Swanson,R,R,USA,1994
suzukse01,Seiya Suzuki,R,R,Japan,1994
happia01,Ian Happ,B,R,USA,1994
buschmi02,Michael Busch,L,R,USA,1997
tuckeky01,Kyle Tucker,L,R,USA,1997
shawma01,Matt Shaw,R,R,USA,2001
kellyca02,Carson Kelly,R,R,USA,1994
castrwi01,Willi Castro,B,R,P.R.,1997
santaca01,Carlos Santana,B,R,D.R.,1986
sosale01,Lenyn Sosa,R,R,Venezuela,2000
vargami01,Miguel Vargas,R,R,Cuba,1999
meidrch01,Chase Meidroth,R,R,USA,2001
beninan01,Andrew Benintendi,L,L,USA,1994
roberlu01,Luis Robert,R,R,Cuba,1997
queroed01,Edgar Quero,B,R,Cuba,2003
tauchmi01,Mike Tauchman,L,L,USA,1990
baldwbr01,Brooks Baldwin,B,R,USA,2000
taylomi02,Michael Taylor,R,R,USA,1991
montgco01,Colson Montgomery,L,R,USA,2002
teelky01,Kyle Teel,L,R,USA,2002
vaughan01,Andrew Vaughn,R,R,USA,1998
meadcu01,Curtis Mead,R,R,Australia,2000
delacel01,Elly De La Cruz,B,R,D.R.,2002
friedtj01,TJ Friedl,L,L,USA,1995
mclaima01,Matt McLain,R,R,USA,1999
steersp01,Spencer Steer,R,R,USA,1997
luxga01,Gavin Lux,L,R,USA,1997
haysau01,Austin Hays,R,R,USA,1995
marteno01,Noelvi Marte,R,R,D.R.,2001
espinsa01,Santiago Espinal,R,R,D.R.,1994
stephty01,Tyler Stephenson,R,R,USA,1996
trevijo01,Jose Trevino,R,R,USA,1992
bensowi01,Will Benson,L,L,USA,1998
hayeske01,Ke'Bryan Hayes,R,R,USA,1997
kwanst01,Steven Kwan,L,L,USA,1997
ramirjo01,Jose Ramirez,B,R,D.R.,1992
manzaky01,Kyle Manzardo,L,R,USA,2000
martian02,Angel Martínez,B,R,D.R.,2002
ariasga01,Gabriel Arias,R,R,Venezuela,2000
schneda04,Daniel Schneemann,L,R,USA,1997
naylobo01,Bo Naylor,L,R,CAN,2000
jonesno01,Nolan Jones,L,R,USA,1998
rocchbr01,Brayan Rocchio,B,R,Venezuela,2001
goodmhu01,Hunter Goodman,R,R,USA,1999
beckjo01,Jordan Beck,R,R,USA,2001
doylebr02,Brenton Doyle,R,R,USA,1998
moniami01,Mickey Moniak,L,R,USA,1998
freemty01,Tyler Freeman,R,R,USA,1999
tovarez01,Ezequiel Tovar,R,R,Venezuela,2001
mcmahry01,Ryan McMahon,L,R,USA,1994
toglimi01,Michael Toglia,B,L,USA,1998
farmeky01,Kyle Farmer,R,R,USA,1990
greenri02,Riley Greene,L,L,USA,2000
torkesp01,Spencer Torkelson,R,R,USA,1999
torregl01,Gleyber Torres,R,R,Venezuela,1996
mckinza01,Zach McKinstry,L,R,USA,1995
dingldi01,Dillon Dingler,R,R,USA,1998
carpeke01,Kerry Carpenter,L,R,USA,1997
baezja01,Javier Baez,R,R,P.R.,1992
keithco01,Colt Keith,L,R,USA,2001
perezwe01,Wenceel Pérez,B,R,D.R.,1999
sweentr01,Trey Sweeney,L,R,USA,2000
altuvjo01,Jose Altuve,R,R,Venezuela,1990
walkech02,Christian Walker,R,R,USA,1991
diazya02,Yainer Diaz,R,R,D.R.,1998
penaje02,Jeremy Peña,R,R,D.R.,1997
smithca07,Cam Smith,R,R,USA,2003
paredis01,Isaac Paredes,R,R,México,1999
dubonma01,Mauricio Dubon,R,R,Honduras,1994
caratvi01,Victor Caratini,B,R,P.R.,1993
meyerja02,Jake Meyers,R,L,USA,1996
correca01,Carlos Correa,R,R,P.R.,1994
sanchje02,Jesus Sanchez,L,R,D.R.,1997
wittbo02,Bobby Witt,R,R,USA,2000
pasquvi01,Vinnie Pasquantino,L,L,USA,1997
perezsa02,Salvador Perez,R,R,Venezuela,1990
garcima01,Maikel Garcia,R,R,Venezuela,2000
indiajo01,Jonathan India,R,R,USA,1996
isbelky01,Kyle Isbel,L,R,USA,1997
massemi02,Michael Massey,L,R,USA,1998
caglija01,Jac Caglianone,L,L,USA,2003
waterdr01,Drew Waters,B,R,USA,1998
fermifr01,Freddy Fermin,R,R,Venezuela,1995
fraziad01,Adam Frazier,L,R,USA,1991
yastrmi01,Mike Yastrzemski,L,L,USA,1990
wardta01,Taylor Ward,R,R,USA,1993
adelljo01,Jo Adell,R,R,USA,1999
netoza01,Zach Neto,R,R,USA,2001
rengilu01,Luis Rengifo,B,R,Venezuela,1997
schanno01,Nolan Schanuel,L,R,USA,2002
troutmi01,Mike Trout,R,R,USA,1991
ohopplo01,Logan O'Hoppe,R,R,USA,2000
solerjo01,Jorge Soler,R,R,Cuba,1992
moncayo01,Yoan Moncada,B,R,Cuba,1995
darnatr01,Travis d'Arnaud,R,R,USA,1989
perazos02,Oswald Peraza,R,R,Venezuela,2000
wadela01,LaMonte Wade,L,L,USA,1994
ohtansh01,Shohei Ohtani,L,R,Japan,1994
bettsmo01,Mookie Betts,R,R,USA,1992
pagesan01,Andy Pages,R,R,Cuba,2000
freemfr01,Freddie Freeman,L,R,USA,1989
hernate01,Teoscar Hernandez,R,R,D.R.,1992
confomi01,Michael Conforto,L,R,USA,1993
smithwi05,Will Smith,R,R,USA,1995
edmanto01,Tommy Edman,B,R,USA,1995
muncyma01,Max Muncy,L,R,USA,1990
rojasmi02,Miguel Rojas,R,R,Venezuela,1989
hernaen02,Enrique Hernandez,R,R,P.R.,1991
callal01,Alex Call,R,R,USA,1994
edwarxa01,Xavier Edwards,B,R,USA,1999
lopezot01,Otto Lopez,R,R,D.R.,1998
ramirag01,Agustín Ramírez,R,R,D.R.,2001
wagamer01,Eric Wagaman,R,R,USA,1997
stoweky01,Kyle Stowers,L,L,USA,1998
hicksli01,Liam Hicks,L,R,CAN,1999
sanojja01,Javier Sanoja,R,R,Venezuela,2002
norbyco01,Connor Norby,R,R,USA,2000
myersda01,Dane Myers,R,R,USA,1996
hernahe01,Heriberto Hernandez,R,R,D.R.,1999
marseja01,Jakob Marsee,L,L,USA,2001
forteni01,Nick Fortes,R,R,USA,1996
turanbr02,Brice Turang,L,R,USA,1999
yelicch01,Christian Yelich,L,R,USA,1991
contrwi02,William Contreras,R,R,Venezuela,1997
chourja01,Jackson Chourio,R,R,Venezuela,2004
frelisa01,Sal Frelick,L,R,USA,2000
ortizjo06,Joey Ortiz,R,R,USA,1998
durbica01,Caleb Durbin,R,R,USA,2000
colliis01,Isaac Collins,B,R,USA,1997
hoskirh01,Rhys Hoskins,R,R,USA,1993
janseda01,Danny Jansen,R,R,USA,1995
larnatr01,Trevor Larnach,L,R,USA,1997
buxtoby01,Byron Buxton,R,R,USA,1993
leebr02,Brooks Lee,B,R,USA,2001
jeffery01,Ryan Jeffers,R,R,USA,1997
lewisro02,Royce Lewis,R,R,USA,1999
francty01,Ty France,R,R,USA,1994
clemeko01,Kody Clemens,L,R,USA,1996
wallnma01,Matt Wallner,L,R,USA,1997
baderha01,Harrison Bader,R,R,USA,1994
lindofr01,Francisco Lindor,B,R,P.R.,1993
alonspe01,Pete Alonso,R,R,USA,1994
nimmobr01,Brandon Nimmo,L,R,USA,1993
sotoju01,Juan Soto,L,L,D.R.,1998
vientma01,Mark Vientos,R,R,USA,1999
mcneije01,Jeff McNeil,L,R,USA,1992
batybr01,Brett Baty,L,R,USA,1999
tayloty01,Tyrone Taylor,R,R,USA,1994
martest01,Starling Marte,R,R,D.R.,1988
torrelu01,Luis Torrens,R,R,Venezuela,1996
alvarfr01,Francisco Alvarez,R,R,Venezuela,2001
bellico01,Cody Bellinger,L,L,USA,1995
judgeaa01,Aaron Judge,R,R,USA,1992
volpean01,Anthony Volpe,R,R,USA,2001
grishtr01,Trent Grisham,L,L,USA,1996
goldspa01,Paul Goldschmidt,R,R,USA,1987
ricebe01,Ben Rice,L,R,USA,1999
chishja01,Jazz Chisholm,L,R,Bahamas,1998
wellsau01,Austin Wells,L,R,USA,1999
dominja01,Jasson Domínguez,B,R,D.R.,2003
stantmi03,Giancarlo Stanton,R,R,USA,1989
cabaljo01,José Caballero,R,R,Panama,1996
schwaky01,Kyle Schwarber,L,R,USA,1993
turnetr01,Trea Turner,R,R,USA,1993
casteni01,Nick Castellanos,R,R,USA,1992
realmjt01,J. T. Realmuto,R,R,USA,1991
harpebr03,Bryce Harper,L,R,USA,1992
stottbr01,Bryson Stott,L,R,USA,1997
bohmal01,Alec Bohm,R,R,USA,1996
keplema01,Max Kepler,L,L,Germany,1993
marshbr02,Brandon Marsh,L,R,USA,1997
sosaed01,Edmundo Sosa,R,R,Panama,1996
reynobr01,Bryan Reynolds,B,R,USA,1995
mccutan01,Andrew McCutchen,R,R,USA,1986
cruzon01,Oneil Cruz,L,R,D.R.,1998
kineris01,Isiah Kiner-Falefa,R,R,USA,1995
phamth01,Tommy Pham,R,R,USA,1988
gonzani01,Nick Gonzales,R,R,USA,1999
horwisp01,Spencer Horwitz,L,R,USA,1997
triolja01,Jared Triolo,R,R,USA,1998
bartjo01,Joey Bart,R,R,USA,1996
davishe01,Henry Davis,R,R,USA,1999
canaral01,Alexander Canario,R,R,D.R.,2000
arraelu01,Luis Arraez,L,R,Venezuela,1997
machama01,Manny Machado,R,R,USA,1992
tatisfe02,Fernando Tatis,R,R,D.R.,1999
sheetga01,Gavin Sheets,L,L,USA,1996
bogaexa01,Xander Bogaerts,R,R,Aruba,1992
merrija01,Jackson Merrill,L,R,USA,2003
croneja01,Jake Cronenworth,L,R,USA,1994
iglesjo01,Jose Iglesias,R,R,Cuba,1990
diazel01,Elias Diaz,R,R,Venezuela,1990
ramoshe02,Heliot Ramos,R,R,P.R.,1999
adamewi01,Willy Adames,R,R,D.R.,1995
leeju01,Jung Hoo Lee,L,R,Japan,1998
chapmma01,Matt Chapman,R,R,USA,1993
florewi01,Wilmer Flores,R,R,Venezuela,1991
bailepa01,Patrick Bailey,B,R,USA,1999
schmica01,Casey Schmitt,R,R,USA,1999
fitzgty01,Tyler Fitzgerald,R,R,USA,1997
smithdo02,Dominic Smith,L,L,USA,1995
rodriju01,Julio Rodriguez,R,R,D.R.,2000
arozara01,Randy Arozarena,R,R,Cuba,1995
raleica01,Cal Raleigh,B,R,USA,1996
crawfjp01,J. P. Crawford,L,R,USA,1995
polanjo01,Jorge Polanco,B,R,D.R.,1993
willibe03,Ben Williamson,R,R,USA,2000
garvemi01,Mitch Garver,R,R,USA,1991
canzodo01,Dominic Canzone,L,R,USA,1997
youngco01,Cole Young,L,R,USA,2003
mooredy01,Dylan Moore,R,R,USA,1992
tellero01,Rowdy Tellez,L,L,USA,1995
nootbla01,Lars Nootbaar,L,R,USA,1997
burleal01,Alec Burleson,L,L,USA,1998
winnma01,Masyn Winn,R,R,USA,2002
contrwi01,Willson Contreras,R,R,Venezuela,1992
donovbr01,Brendan Donovan,L,R,Germany,1997
arenano01,Nolan Arenado,R,R,USA,1991
scottvi01,Victor Scott,L,L,USA,2001
herreiv01,Ivan Herrera,R,R,Panama,2000
walkejo02,Jordan Walker,R,R,USA,2002
pagespe01,Pedro Pagés,R,R,Venezuela,1998
gormano01,Nolan Gorman,L,R,USA,2000
saggeth01,Thomas Saggese,R,R,USA,2002
caminju01,Junior Caminero,R,R,D.R.,2003
diazya01,Yandy Diaz,R,R,Cuba,1991
lowebr01,Brandon Lowe,L,R,USA,1994
simpsch01,Chandler Simpson,L,R,USA,2000
manguja01,Jake Mangum,B,L,USA,1996
lowejo01,Josh Lowe,L,R,USA,1998
arandjo01,Jonathan Aranda,L,R,México,1998
wallsta01,Taylor Walls,B,R,USA,1996
morelch01,Christopher Morel,R,R,D.R.,1999
garciad02,Adolis Garcia,R,R,Cuba,1993
smithjo09,Josh Smith,L,R,USA,1997
langfwy01,Wyatt Langford,R,R,USA,2001
jungjo01,Josh Jung,R,R,USA,1998
semiema01,Marcus Semien,R,R,USA,1990
heimjo01,Jonah Heim,B,R,USA,1995
seageco01,Corey Seager,L,R,USA,1994
burgeja01,Jake Burger,R,R,USA,1996
higasky01,Kyle Higashioka,R,R,USA,1990
pederjo01,Joc Pederson,L,L,USA,1992
duranez01,Ezequiel Duran,R,R,D.R.,1999
guerrvl02,Vladimir Guerrero,R,R,CAN,1999
bichebo01,Bo Bichette,R,R,USA,1998
clemeer01,Ernie Clement,R,R,USA,1996
springe01,George Springer,R,R,USA,1989
bargead01,Addison Barger,L,R,USA,1999
kirkal01,Alejandro Kirk,R,R,México,1998
lukesna01,Nathan Lukes,L,R,USA,1994
gimenan01,Andres Gimenez,L,R,Venezuela,1998
strawmy01,Myles Straw,R,R,USA,1994
varshda01,Daulton Varsho,L,R,USA,1996
woodja03,James Wood,L,R,USA,2002
abramcj01,CJ Abrams,L,R,USA,2000
garcilu04,Luis Garcia,L,R,USA,2000
belljo02,Josh Bell,B,R,USA,1992
youngja03,Jacob Young,R,R,USA,1999
lileda01,Daylen Lile,L,R,USA,2002
crewsdy01,Dylan Crews,R,R,USA,2002
adamsri03,Riley Adams,R,R,USA,1996
housebr01,Brady House,R,R,USA,2003
ruizke01,Keibert Ruiz,B,R,Venezuela,1998
