player_id,team_id,games,at_bats,runs,hits,home_runs,rbi,stolen_bases
perdoge01,ARI,161,597,98,173,20,100,27
carroco02,ARI,143,564,107,146,31,84,32
gurrilo01,ARI,129,500,52,124,19,80,10
marteke01,ARI,126,480,87,136,28,72,4
thomaal01,ARI,143,433,51,108,9,38,7
suareeu01,ARI,106,387,64,96,36,87,1
naylojo01,ARI,93,349,49,102,11,59,11
morenga01,ARI,83,277,44,79,9,40,2
smithpa04,ARI,87,244,36,63,8,28,2
alexabl01,ARI,74,230,31,53,7,28,4
mccarja02,ARI,67,206,18,42,4,20,6
grichra01,ARI,70,175,25,42,7,22,0
rookebr01,ATH,162,626,92,164,30,89,6
butlela01,ATH,152,569,83,133,21,63,22
soderty01,ATH,158,561,75,155,25,93,8
wilsoja04,ATH,125,486,62,151,13,63,5
langesh01,ATH,123,481,73,133,31,72,7
kurtzni01,ATH,117,420,90,122,36,86,2
bledajj01,ATH,98,307,48,65,14,39,1
uriaslu01,ATH,96,287,27,66,8,25,2
andujmi01,ATH,60,218,22,65,6,27,1
muncyma02,ATH,63,206,17,44,9,23,1
olsonma02,ATL,162,624,98,170,29,95,1
harrimi04,ATL,160,611,55,152,20,86,20
albieoz01,ATL,157,603,74,145,16,74,14
ozunama01,ATL,145,487,61,113,21,68,0
rileyau01,ATL,102,416,54,108,16,54,2
baldwdr01,ATL,124,405,56,111,19,80,0
allenni02,ATL,135,371,32,82,0,22,8
acunaro01,ATL,95,338,74,98,21,42,9
profaju01,ATL,80,318,56,78,14,43,9
murphse01,ATL,94,291,34,58,16,45,0
whiteel04,ATL,105,256,43,60,10,35,10
arciaor01,ATL,14,31,1,6,0,1,0
hollija01,BAL,149,586,70,142,17,55,17
hendegu01,BAL,154,577,85,158,17,68,30
mountry01,BAL,89,332,34,83,7,35,3
westbjo01,BAL,85,328,59,87,17,41,1
cowseco01,BAL,92,327,36,64,16,40,14
rutscad01,BAL,90,322,37,71,9,29,0
mullice01,BAL,91,314,42,72,15,49,14
ohearry01,BAL,94,311,45,88,13,43,3
mayoco01,BAL,85,263,30,57,11,28,3
laurera01,BAL,82,259,45,75,15,46,4
uriasra01,BAL,77,258,27,64,8,34,2
carlsdy01,BAL,83,217,17,44,6,20,3
duranja01,BOS,157,620,86,159,16,84,24
storytr01,BOS,157,612,91,161,25,96,31
rafaece01,BOS,156,546,84,136,16,63,20
bregmal01,BOS,114,433,64,118,18,62,1
narvaca01,BOS,118,403,51,97,15,50,1
abreuwi02,BOS,115,373,53,92,22,69,6
gonzaro01,BOS,96,315,47,96,9,53,6
deverra01,BOS,73,272,47,74,15,58,1
toroab01,BOS,77,259,33,62,7,27,2
anthoro01,BOS,71,257,48,75,8,32,4
campbkr01,BOS,67,229,24,51,6,21,2
lowena01,BOS,34,100,14,28,2,16,0
hoernni01,CHN,156,599,89,178,7,61,29
crowape01,CHN,157,591,91,146,31,95,35
swansda01,CHN,159,590,84,144,24,77,20
suzukse01,CHN,151,571,75,140,32,103,5
happia01,CHN,150,569,87,138,23,79,6
buschmi02,CHN,155,524,78,137,34,90,4
tuckeky01,CHN,136,500,91,133,22,73,25
shawma01,CHN,126,393,57,89,13,44,17
kellyca02,CHN,111,369,48,92,17,50,2
castrwi01,CHN,34,100,10,17,1,6,1
santaca01,CHN,8,19,0,2,0,2,0
sosale01,CHA,140,518,57,137,22,75,2
vargami01,CHA,138,504,80,118,16,60,6
meidrch01,CHA,122,450,54,114,5,23,14
beninan01,CHA,116,420,57,101,20,63,1
roberlu01,CHA,110,382,52,85,14,53,33
queroed01,CHA,111,365,31,98,5,36,0
tauchmi01,CHA,93,335,44,88,9,40,0
baldwbr01,CHA,103,300,32,72,11,38,5
taylomi02,CHA,134,295,33,59,9,35,8
montgco01,CHA,71,255,43,61,21,55,0
teelky01,CHA,78,253,38,69,8,35,3
vaughan01,CHA,48,185,9,35,5,19,0
meadcu01,CHA,41,125,12,30,0,11,1
delacel01,CIN,162,629,102,166,22,86,37
friedtj01,CIN,152,579,82,151,14,53,12
mclaima01,CIN,147,510,73,112,15,50,18
steersp01,CIN,146,509,66,121,21,75,7
luxga01,CIN,140,446,49,120,5,53,1
haysau01,CIN,103,380,60,101,15,64,7
marteno01,CIN,90,339,45,89,14,51,10
espinsa01,CIN,114,301,25,73,0,16,2
stephty01,CIN,88,299,40,69,13,50,0
trevijo01,CIN,94,282,30,67,4,22,0
bensowi01,CIN,90,230,31,52,12,41,2
hayeske01,CIN,52,158,16,37,3,13,2
andujmi01,CIN,34,103,14,37,4,17,0
kwanst01,CLE,156,625,81,170,11,56,21
ramirjo01,CLE,158,593,103,168,30,85,44
manzaky01,CLE,142,470,47,110,27,70,2
martian02,CLE,139,446,56,100,11,45,8
ariasga01,CLE,129,432,44,95,11,54,8
santaca01,CLE,116,396,49,89,11,52,7
schneda04,CLE,131,379,48,78,12,41,9
naylobo01,CLE,123,359,46,70,14,47,1
jonesno01,CLE,136,355,34,75,5,34,8
rocchbr01,CLE,115,344,34,80,5,44,8
goodmhu01,COL,144,540,73,150,31,91,1
beckjo01,COL,148,539,62,139,16,53,19
doylebr02,COL,138,502,57,117,15,57,18
moniami01,COL,135,434,62,117,24,68,9
freemty01,COL,110,377,50,106,2,31,18
tovarez01,COL,95,360,44,91,9,33,5
mcmahry01,COL,100,350,42,76,16,35,2
toglimi01,COL,88,306,22,58,11,32,3
farmeky01,COL,97,277,24,63,8,31,0
arciaor01,COL,62,172,12,35,3,12,0
greenri02,DET,157,600,84,155,36,111,2
torkesp01,DET,155,563,82,135,31,78,2
torregl01,DET,145,532,79,136,16,74,4
mckinza01,DET,144,452,68,117,12,49,19
dingldi01,DET,126,435,54,121,13,57,0
carpeke01,DET,130,433,66,109,26,62,1
baezja01,DET,126,417,55,107,12,57,5
keithco01,DET,137,414,65,106,13,45,1
perezwe01,DET,100,344,47,84,13,43,8
sweentr01,DET,118,296,36,58,6,32,3
altuvjo01,HOU,155,588,80,156,26,77,10
walkech02,HOU,154,585,72,139,27,88,2
diazya02,HOU,143,542,56,139,20,70,1
penaje02,HOU,125,493,68,150,17,62,20
smithca07,HOU,134,441,55,104,9,51,8
paredis01,HOU,102,378,53,96,20,53,0
dubonma01,HOU,133,369,43,89,7,33,3
caratvi01,HOU,114,344,35,89,12,46,1
meyerja02,HOU,104,343,53,100,3,24,16
correca01,HOU,51,200,23,58,6,21,0
sanchje02,HOU,48,146,21,29,4,12,4
uriasra01,HOU,35,94,6,21,3,10,1
wittbo02,KCA,157,623,99,184,23,88,38
pasquvi01,KCA,160,621,72,164,32,113,1
perezsa02,KCA,155,597,54,141,30,100,0
garcima01,KCA,160,595,81,170,16,74,23
indiajo01,KCA,136,497,63,116,9,45,0
isbelky01,KCA,135,368,42,94,4,33,4
massemi02,KCA,77,262,20,64,3,20,2
caglija01,KCA,62,210,19,33,7,18,1
waterdr01,KCA,71,206,21,50,1,14,5
fermifr01,KCA,67,192,17,49,3,12,1
fraziad01,KCA,56,184,21,52,4,23,1
yastrmi01,KCA,50,156,30,37,9,18,1
grichra01,KCA,43,97,10,20,2,5,0
wardta01,LAA,157,579,86,132,36,103,4
adelljo01,LAA,152,526,63,124,37,98,5
netoza01,LAA,128,502,82,129,26,62,26
rengilu01,LAA,147,501,55,119,9,43,10
schanno01,LAA,132,488,64,129,12,53,5
troutmi01,LAA,130,456,73,106,26,64,2
ohopplo01,LAA,119,423,35,90,19,43,2
solerjo01,LAA,82,279,31,60,12,34,0
moncayo01,LAA,84,248,39,58,12,35,0
darnatr01,LAA,69,213,16,42,6,21,0
perazos02,LAA,35,86,6,16,2,7,6
wadela01,LAA,30,65,7,11,1,3,1
ohtansh01,LAN,158,611,146,172,55,102,20
bettsmo01,LAN,150,589,95,152,20,82,8
pagesan01,LAN,156,581,74,158,27,86,14
freemfr01,LAN,147,556,81,164,24,90,6
hernate01,LAN,134,511,65,126,25,89,5
confomi01,LAN,138,418,54,83,12,36,1
smithwi05,LAN,110,362,64,107,17,61,2
edmanto01,LAN,97,346,49,78,13,49,3
muncyma01,LAN,100,313,48,76,19,67,4
rojasmi02,LAN,114,290,35,76,7,27,5
hernaen02,LAN,93,232,30,47,10,35,0
callal01,LAN,38,73,13,18,2,5,1
edwarxa01,MIA,139,561,75,159,3,43,27
lopezot01,MIA,143,544,66,134,15,77,15
ramirag01,MIA,136,537,72,124,21,67,16
wagamer01,MIA,140,476,56,119,9,53,4
stoweky01,MIA,117,399,61,115,25,73,5
hicksli01,MIA,119,332,37,82,6,45,2
sanojja01,MIA,120,313,40,76,6,38,6
norbyco01,MIA,88,311,42,78,8,34,8
myersda01,MIA,106,307,29,72,6,31,18
sanchje02,MIA,86,305,40,78,10,36,9
hernahe01,MIA,87,256,40,68,10,45,1
marseja01,MIA,55,209,28,61,5,33,14
forteni01,MIA,59,129,11,31,2,10,0
turanbr02,MIL,156,584,97,168,18,81,24
yelicch01,MIL,150,573,88,151,29,103,16
contrwi02,MIL,150,566,89,147,17,76,6
chourja01,MIL,131,549,88,148,21,78,21
frelisa01,MIL,142,528,76,152,12,63,19
ortizjo06,MIL,149,470,62,108,7,45,14
durbica01,MIL,136,445,60,114,11,53,18
colliis01,MIL,130,372,56,98,9,54,16
hoskirh01,MIL,90,279,30,66,12,43,2
vaughan01,MIL,64,221,26,68,9,46,0
janseda01,MIL,25,67,10,17,3,7,0
larnatr01,MIN,142,503,62,126,17,60,4
buxtoby01,MIN,126,488,97,129,35,83,24
leebr02,MIN,139,487,50,115,16,64,3
jeffery01,MIN,119,406,47,108,9,47,1
lewisro02,MIN,106,376,36,89,13,52,12
francty01,MIN,101,350,41,88,6,44,1
clemeko01,MIN,112,342,46,74,19,52,5
correca01,MIN,93,337,40,90,7,31,0
wallnma01,MIN,104,336,47,68,22,40,4
castrwi01,MIN,86,302,48,74,10,27,9
baderha01,MIN,96,271,31,70,12,38,10
lindofr01,NYN,160,644,117,172,31,86,31
alonspe01,NYN,162,624,87,170,38,126,1
nimmobr01,NYN,155,587,81,154,25,92,13
sotoju01,NYN,160,577,120,152,43,105,38
vientma01,NYN,121,424,44,99,17,61,1
mcneije01,NYN,122,399,42,97,12,54,3
batybr01,NYN,130,393,53,100,18,50,8
tayloty01,NYN,113,310,34,69,2,27,12
martest01,NYN,98,293,37,79,9,34,7
torrelu01,NYN,93,261,20,59,5,29,1
alvarfr01,NYN,76,246,32,63,11,32,0
mullice01,NYN,42,121,16,22,2,10,8
bellico01,NYA,152,588,89,160,29,98,13
judgeaa01,NYA,152,541,137,179,53,114,12
volpean01,NYA,153,539,65,114,19,72,18
grishtr01,NYA,143,494,87,116,34,74,3
goldspa01,NYA,146,489,76,134,10,45,5
ricebe01,NYA,138,467,74,119,26,65,3
chishja01,NYA,130,462,75,112,31,80,31
wellsau01,NYA,126,401,51,88,21,71,5
dominja01,NYA,123,381,58,98,10,47,23
stantmi03,NYA,77,249,36,68,24,66,0
mcmahry01,NYA,54,159,20,33,4,18,1
perazos02,NYA,71,158,18,24,3,13,3
cabaljo01,NYA,40,79,15,21,3,9,15
schwaky01,PHI,162,604,111,145,56,132,10
turnetr01,PHI,141,589,94,179,15,69,36
casteni01,PHI,147,547,72,137,17,72,4
realmjt01,PHI,134,502,57,129,12,52,8
harpebr03,PHI,132,501,72,131,27,75,12
stottbr01,PHI,147,499,66,128,13,66,24
bohmal01,PHI,120,464,53,133,11,59,2
keplema01,PHI,127,417,58,90,18,52,3
marshbr02,PHI,133,379,59,106,11,43,7
sosaed01,PHI,89,243,30,67,11,39,1
baderha01,PHI,50,177,30,54,5,16,1
clemeko01,PHI,7,6,0,0,0,0,0
reynobr01,PIT,154,587,68,144,16,73,3
mccutan01,PIT,135,477,51,114,13,57,1
cruzon01,PIT,135,471,62,94,20,61,38
kineris01,PIT,119,401,40,106,1,35,15
phamth01,PIT,120,392,44,96,10,52,5
gonzani01,PIT,96,381,39,99,5,30,0
hayeske01,PIT,100,369,34,87,2,36,10
horwisp01,PIT,108,364,55,99,11,51,0
triolja01,PIT,107,331,41,75,7,24,13
bartjo01,PIT,93,285,21,71,4,30,1
davishe01,PIT,87,252,25,42,7,22,2
fraziad01,PIT,78,235,22,60,3,21,7
canaral01,PIT,87,216,25,47,6,20,3
arraelu01,SDN,154,620,66,181,8,61,11
machama01,SDN,159,615,91,169,27,95,14
tatisfe02,SDN,155,594,111,159,25,71,32
sheetga01,SDN,145,492,57,124,19,71,2
bogaexa01,SDN,136,491,63,129,11,53,20
merrija01,SDN,115,440,59,116,16,67,1
croneja01,SDN,135,419,61,103,11,59,3
iglesjo01,SDN,112,306,29,70,3,36,5
diazel01,SDN,106,255,34,52,9,29,0
laurera01,SDN,50,182,27,49,9,30,3
ohearry01,SDN,50,163,22,45,4,20,0
fermifr01,SDN,42,127,15,31,2,14,0
ramoshe02,SFN,157,620,85,159,21,69,6
adamewi01,SFN,160,591,94,133,30,87,12
leeju01,SFN,150,560,73,149,8,55,10
chapmma01,SFN,128,454,76,105,21,61,9
florewi01,SFN,125,419,44,101,16,71,1
bailepa01,SFN,135,409,47,91,6,55,1
deverra01,SFN,90,335,52,79,20,51,0
yastrmi01,SFN,97,321,38,74,8,28,6
schmica01,SFN,95,312,34,74,12,40,0
fitzgty01,SFN,72,217,19,47,4,14,9
smithdo02,SFN,63,204,26,58,5,33,2
wadela01,SFN,50,144,12,24,1,15,0
rodriju01,SEA,160,652,106,174,32,95,30
arozara01,SEA,160,613,95,146,27,76,31
raleica01,SEA,159,596,110,147,60,125,14
crawfjp01,SEA,157,570,69,151,12,58,8
polanjo01,SEA,138,471,64,125,26,78,6
willibe03,SEA,85,277,36,70,1,21,5
garvemi01,SEA,87,254,29,53,9,30,3
canzodo01,SEA,82,243,30,73,11,32,3
youngco01,SEA,77,223,24,47,4,24,1
suareeu01,SEA,53,201,27,38,13,31,3
naylojo01,SEA,54,194,32,58,9,33,19
mooredy01,SEA,88,192,29,37,9,19,12
tellero01,SEA,62,173,20,36,11,27,1
nootbla01,SLN,135,509,68,119,13,48,4
burleal01,SLN,139,497,54,144,18,69,5
winnma01,SLN,129,491,72,124,9,51,9
contrwi01,SLN,135,490,70,126,20,80,5
donovbr01,SLN,118,460,64,132,10,50,3
arenano01,SLN,107,401,48,95,12,52,3
scottvi01,SLN,138,398,54,86,5,37,34
herreiv01,SLN,107,388,54,110,19,66,8
walkejo02,SLN,111,363,40,78,6,41,10
pagespe01,SLN,112,361,38,83,11,45,0
gormano01,SLN,111,351,48,72,14,46,1
saggeth01,SLN,82,275,25,71,2,25,3
caminju01,TBA,154,602,93,159,45,110,7
diazya01,TBA,150,583,79,175,25,83,3
lowebr01,TBA,134,507,79,130,31,83,3
simpsch01,TBA,109,414,53,122,0,26,44
manguja01,TBA,118,405,37,120,3,40,27
lowejo01,TBA,108,396,56,87,11,40,18
arandjo01,TBA,106,370,56,117,14,59,0
wallsta01,TBA,101,282,36,62,4,38,14
morelch01,TBA,105,278,37,61,11,33,7
cabaljo01,TBA,86,235,37,53,2,27,34
janseda01,TBA,73,221,28,45,11,29,0
meadcu01,TBA,49,115,14,26,3,8,4
forteni01,TBA,38,89,8,19,3,11,1
garciad02,TEX,135,507,58,115,19,75,13
smithjo09,TEX,144,495,70,124,10,35,12
langfwy01,TEX,134,489,73,118,22,62,22
jungjo01,TEX,131,482,53,121,14,61,4
semiema01,TEX,127,470,62,108,15,62,11
heimjo01,TEX,124,395,38,84,11,43,3
seageco01,TEX,102,380,61,103,21,50,3
burgeja01,TEX,103,356,43,84,16,53,1
higasky01,TEX,94,303,33,73,11,47,3
pederjo01,TEX,96,265,28,48,9,26,2
duranez01,TEX,90,205,16,46,0,14,11
tellero01,TEX,50,116,14,30,6,22,0
mooredy01,TEX,18,27,6,7,2,6,2
guerrvl02,TOR,156,589,96,172,23,84,6
bichebo01,TOR,139,582,78,181,18,94,4
clemeer01,TOR,157,545,83,151,9,50,6
springe01,TOR,140,498,106,154,32,84,18
bargead01,TOR,135,460,61,112,21,74,4
kirkal01,TOR,130,451,45,127,15,76,1
lukesna01,TOR,135,388,55,99,12,65,2
gimenan01,TOR,101,329,39,69,7,35,12
strawmy01,TOR,137,267,51,70,4,32,12
varshda01,TOR,71,248,43,59,20,55,2
francty01,TOR,37,94,9,26,1,8,0
kineris01,TOR,19,30,5,7,1,5,0
woodja03,WAS,157,598,87,153,31,94,15
abramcj01,WAS,144,580,92,149,19,60,31
garcilu04,WAS,139,488,67,123,16,66,14
belljo02,WAS,140,468,54,111,22,63,0
lowena01,WAS,119,440,50,95,16,68,1
youngja03,WAS,120,324,34,75,2,31,15
lileda01,WAS,91,321,51,96,9,41,8
crewsdy01,WAS,85,293,43,61,10,27,17
adamsri03,WAS,83,263,29,49,8,24,1
housebr01,WAS,73,261,26,61,4,29,5
ruizke01,WAS,68,255,19,63,2,25,0
callal01,WAS,72,197,30,54,3,26,1
