character_id,item_name,quantity
1001,Flamebrand Blade,1
1001,Chainmail,1
1001,Health Potion,6
1001,Iron Ore,22
1002,Staff of Embers,1
1002,Mana Potion,9
1002,Health Potion,2
1003,Twin Daggers,1
1003,Leather Armor,1
1003,Health Potion,4
1003,Phoenix Feather,1
1004,Apprentice Staff,1
1004,Health Potion,10
1004,Mana Potion,3
1005,Elven Bow,1
1005,Leather Armor,1
1005,Health Potion,3
1006,Apprentice Staff,1
1006,Mana Potion,5
1007,Elven Bow,1
1007,Chainmail,1
1007,Health Potion,5
1007,Phoenix Feather,2
1008,Apprentice Staff,1
1008,Leather Armor,1
1008,Health Potion,8
1008,Mana Potion,4
1009,Iron Sword,1
1009,Leather Armor,1
1009,Health Potion,2
1009,Iron Ore,40
1010,Staff of Embers,1
1010,Dragonscale Shield,1
1010,Mana Potion,7
1010,Phoenix Feather,3
1011,Twin Daggers,1
1011,Health Potion,1
1012,Steel Longsword,1
1012,Dragonscale Shield,1
1012,Health Potion,5
1013,Apprentice Staff,1
1013,Leather Armor,1
1013,Mana Potion,6
1014,Iron Sword,1
1014,Health Potion,2
1015,Steel Longsword,1
1015,Chainmail,1
1015,Iron Ore,15
1016,Oak Longbow,1
1016,Leather Armor,1
1016,Health Potion,3
1017,Apprentice Staff,1
1017,Chainmail,1
1017,Health Potion,9
1017,Phoenix Feather,1
1018,Apprentice Staff,1
1018,Health Potion,7
1018,Mana Potion,2
1019,Twin Daggers,1
1019,Chainmail,1
1019,Health Potion,4
1020,Iron Sword,1
1020,Leather Armor,1
1020,Health Potion,3
1021,Oak Longbow,1
1021,Leather Armor,1
1021,Iron Ore,8
1022,Staff of Embers,1
1022,Mana Potion,8
1023,Flamebrand Blade,1
1023,Dragonscale Shield,1
1023,Health Potion,6
1024,Apprentice Staff,1
1024,Health Potion,5
1025,Iron Sword,1
1025,Leather Armor,1
1025,Iron Ore,30
1026,Oak Longbow,1
1026,Health Potion,2
1026,Mana Potion,1
