character_id,character_name,level,class_name,player_username
1001,Thorne,34,Warrior,kaijukim
1002,Ember,22,Mage,kaijukim
1003,Shadow,41,Rogue,NightOwl_22
1004,Hoot,18,Cleric,NightOwl_22
1005,Nightfall,27,Ranger,NightOwl_22
1006,Pixel,15,Mage,pixelpete
1007,Moonfang,38,Ranger,LunaBlade
1008,Lunara,29,Cleric,LunaBlade
1009,Crumb,12,Warrior,grimtoast
1010,Saffira,44,Mage,Saffron_Q
1011,Quill,9,Rogue,Saffron_Q
1012,Sir Salsa,31,Warrior,tacoKnight
1013,Frostbite,25,Mage,frostbyte
1014,Byte,7,Rogue,frostbyte
1015,Mossback,19,Warrior,MossyRock
1016,Shadow,12,Ranger,yuki_s
1017,Sakura,36,Cleric,yuki_s
1018,Brie,21,Cleric,BigBadBrie
1019,Glitch,33,Rogue,ZeroCool_7
1020,Owlbert,16,Warrior,owlbearMom
1021,Talon,24,Ranger,owlbearMom
1022,Dex,28,Mage,dex_tron
1023,Anchor,39,Warrior,Captain_Ana
1024,Coral,14,Cleric,Captain_Ana
1025,Rusty,11,Warrior,rustbucket
1026,Bolt,20,Ranger,rustbucket
