player_username,player_email,player_country,player_joined
kaijukim,kaijukim@example.com,USA,2024-03-14
NightOwl_22,night.owl22@example.com,Canada,2024-05-02
pixelpete,pete.pixels@example.com,UK,2024-01-09
LunaBlade,luna.blade@example.com,Brazil,2024-07-21
grimtoast,grimtoast@example.com,USA,2024-02-28
Saffron_Q,saffronq@example.com,Australia,2024-09-03
tacoKnight,tacoknight@example.com,Mexico,2024-04-17
frostbyte,frostbyte99@example.com,Germany,2024-06-30
MossyRock,mossyrock@example.com,USA,2024-11-12
yuki_s,yuki.s@example.com,Japan,2025-01-05
BigBadBrie,brie.b@example.com,Canada,2025-02-14
ZeroCool_7,zerocool7@example.com,USA,2025-03-22
owlbearMom,owlbearmom@example.com,UK,2025-04-01
dex_tron,dextron@example.com,Germany,2025-05-18
Captain_Ana,captainana@example.com,Mexico,2025-06-09
rustbucket,rustbucket@example.com,USA,2025-07-27
