playlist_id,track_id
2Aud8PXoTGcyY5esHu4Aaz,1ChPiAIS5RGNUQY4ohyfXG
2Aud8PXoTGcyY5esHu4Aaz,1xWH8zYtDeS9mW1JJG23VZ
2Aud8PXoTGcyY5esHu4Aaz,5F66aRuoZMrrvc7U7eTR1y
4Bi8VLtaSu0JILliif8lH6,4OafepJy2teCjYJbvFE60J
2Aud8PXoTGcyY5esHu4Aaz,6euozmIGRL6aVin2ksJEJ2
2Aud8PXoTGcyY5esHu4Aaz,0Tf9Mwk7DwysEajSNGa8n2
2Aud8PXoTGcyY5esHu4Aaz,4wZqeCVR3fwS5MFoRtAnia
2Aud8PXoTGcyY5esHu4Aaz,02Qo5DFgoGTiBGo4ZUvjXm
2Aud8PXoTGcyY5esHu4Aaz,1rNNOKF4kiaNmdkpIKNsvd
2Aud8PXoTGcyY5esHu4Aaz,6NPK12AruoBw2PPBQuku95
2Aud8PXoTGcyY5esHu4Aaz,5sT3app9Wcu4FAGnNs9oZR
2Aud8PXoTGcyY5esHu4Aaz,70khXICDeTTxgYtw3EysKH
2Aud8PXoTGcyY5esHu4Aaz,2uNre8fPMLoYIVj1P93qVE
4Bi8VLtaSu0JILliif8lH6,2rPE9A1vEgShuZxxzR2tZH
4Bi8VLtaSu0JILliif8lH6,0todbbT9g5uQGbeFCiBf2F
2Aud8PXoTGcyY5esHu4Aaz,14msK75pk3pA33pzPVNtBF
2Aud8PXoTGcyY5esHu4Aaz,4uTvPEr01pjTbZgl7jcKBD
2Aud8PXoTGcyY5esHu4Aaz,4kV4N9D1iKVxx1KLvtTpjS
2Aud8PXoTGcyY5esHu4Aaz,2vdBo4ALPYbHRUPKgtE5iC
2Aud8PXoTGcyY5esHu4Aaz,39LmTF9RgyakzSYX8txrow
4JkkvMpVl4lSioqQjeAL0q,3e9HZxeyfWwjeyPAMmWSSQ
4Bi8VLtaSu0JILliif8lH6,6tsOcBnaKgzK22yEiqRh8P
1fqkbjEACMlekdddm5aobE,3NkJNL3WqO1Lqc3uNDxvCN
7ENISpOJhocpMJVcGb0qcT,5hcisvFMidkMJlElTO9Qmw
6HaCi9bqaiuSZEDfCEmwyo,41zXlQxzTi6cGAjpOXyLYH
6HaCi9bqaiuSZEDfCEmwyo,0u2P5u6lvoDfwTYjAADbn4
6HaCi9bqaiuSZEDfCEmwyo,14JzyD6FlBD5z0wV5P07YI
1Sc7bobknESH7SXQcnmoX5,4NzMOnvSJVNKF7nw5NkXIP
4JkkvMpVl4lSioqQjeAL0q,3yNZ5r3LKfdmjoS3gkhUCT
4JkkvMpVl4lSioqQjeAL0q,3ZCTVFBt2Brf31RLEnCkWJ
1fqkbjEACMlekdddm5aobE,3ZCTVFBt2Brf31RLEnCkWJ
7ENISpOJhocpMJVcGb0qcT,0ofbQMrRDsUaVKq2mGLEAb
7ENISpOJhocpMJVcGb0qcT,4V6MRo0CEAC9MwAm7dkPuL
7ENISpOJhocpMJVcGb0qcT,6VpQdig9pdpTSIFItgkJV5
1Sc7bobknESH7SXQcnmoX5,1rfofaqEpACxVEHIZBJe6W
4JkkvMpVl4lSioqQjeAL0q,7LzouaWGFCy4tkXDOOnEyM
1fqkbjEACMlekdddm5aobE,7LzouaWGFCy4tkXDOOnEyM
4JkkvMpVl4lSioqQjeAL0q,3yOlyBJuViE2YSGn3nVE1K
1fqkbjEACMlekdddm5aobE,3yOlyBJuViE2YSGn3nVE1K
4JkkvMpVl4lSioqQjeAL0q,1VJwtWR6z7SpZRwipI12be
4JkkvMpVl4lSioqQjeAL0q,3Dv1eDb0MEgF93GpLXlucZ
37i9dQZF1DWT5MrZnPU1zD,6HSqyfGnsHYw9MmIpa9zlZ
4Bi8VLtaSu0JILliif8lH6,1GxHeBvQ9935Dd3cSfsfBa
6HaCi9bqaiuSZEDfCEmwyo,0V4l4GQhgnWQGtCWpvA7va
4Pbs84EQbuAblxlp6Chz0d,0TiC3GtlMCskf2hIUIBcDV
6HaCi9bqaiuSZEDfCEmwyo,047fCsbO4NdmwCBn8pcUXl
6HaCi9bqaiuSZEDfCEmwyo,124NFj84ppZ5pAxTuVQYCQ
6HaCi9bqaiuSZEDfCEmwyo,7JXZq0JgG2zTrSOAgY8VMC
37i9dQZF1DWT5MrZnPU1zD,5lFDtgWsjRJu8fPOAyJIAK
37i9dQZF1DWT5MrZnPU1zD,27GmP9AWRs744SzKcpJsTZ
6HaCi9bqaiuSZEDfCEmwyo,1zi7xx7UVEFkmKfv06H8x0
4Pbs84EQbuAblxlp6Chz0d,3ppVO2tyWRRznNmONvt7Se
6HaCi9bqaiuSZEDfCEmwyo,343YBumqHu19cGoGARUTsd
4Pbs84EQbuAblxlp6Chz0d,7y6c07pgjZvtHI9kuMVqk1
7ENISpOJhocpMJVcGb0qcT,6Na5uKk5SsqZimk0hAWo8y
37i9dQZF1DWT5MrZnPU1zD,2XW4DbS6NddZxRPm5rMCeY
1Sc7bobknESH7SXQcnmoX5,2XW4DbS6NddZxRPm5rMCeY
37i9dQZF1DWT5MrZnPU1zD,1cTZMwcBJT0Ka3UJPXOeeN
1Sc7bobknESH7SXQcnmoX5,1v1IXPXl73Z7zy6f5tUa9n
1Sc7bobknESH7SXQcnmoX5,6DCZcSspjsKoFjzjrWoCdn
1Sc7bobknESH7SXQcnmoX5,2G7V7zsVDxg1yRsu7Ew9RJ
1Sc7bobknESH7SXQcnmoX5,0bAkKNCQfWkexHFn7fIKns
6HaCi9bqaiuSZEDfCEmwyo,3jipFRgLyKK0oJoG1pKicx
4Pbs84EQbuAblxlp6Chz0d,4c2xt1trwYZpMqPWY35Xi9
1Sc7bobknESH7SXQcnmoX5,0TlLq3lA83rQOYtrqBqSct
1Sc7bobknESH7SXQcnmoX5,2Vx8E3K5icPZR7OCklWBXX
6HaCi9bqaiuSZEDfCEmwyo,0w1ZtnzQmtmuuoKxHT0pLL
4JkkvMpVl4lSioqQjeAL0q,5ry2OE6R2zPQFDO85XkgRb
37i9dQZF1DWT5MrZnPU1zD,5ry2OE6R2zPQFDO85XkgRb
2Aud8PXoTGcyY5esHu4Aaz,76cy1WJvNGJTj78UqeA5zr
7ENISpOJhocpMJVcGb0qcT,2ekn2ttSfGqwhhate0LSR0
4Bi8VLtaSu0JILliif8lH6,5600nq7TiBraBX2jobyJ3l
4JkkvMpVl4lSioqQjeAL0q,6WrI0LAC5M1Rw2MnX2ZvEg
1fqkbjEACMlekdddm5aobE,6WrI0LAC5M1Rw2MnX2ZvEg
7ENISpOJhocpMJVcGb0qcT,0FE9t6xYkqWXU2ahLh6D8X
7ENISpOJhocpMJVcGb0qcT,7qiZfU4dY1lWllzX7mPBI3
7ENISpOJhocpMJVcGb0qcT,1bhUWB0zJMIKr9yVPrkEuI
4JkkvMpVl4lSioqQjeAL0q,3HVWdVOQ0ZA45FuZGSfvns
4JkkvMpVl4lSioqQjeAL0q,4evmHXcjt3bTUHD1cvny97
1fqkbjEACMlekdddm5aobE,70eFcWOvlMObDhURTqT4Fv
1fqkbjEACMlekdddm5aobE,4wuCQX7JvAZLlrcmH4AeZF
4JkkvMpVl4lSioqQjeAL0q,4vUmTMuQqjdnvlZmAH61Qk
1Sc7bobknESH7SXQcnmoX5,4lKXjLzAV0Nxwln8MxHVtQ
7ENISpOJhocpMJVcGb0qcT,3Px934J0dBoCmpUhUuCQkD
4Bi8VLtaSu0JILliif8lH6,5p7ujcrUXASCNwRaWNHR1C
1Sc7bobknESH7SXQcnmoX5,5p7ujcrUXASCNwRaWNHR1C
6HaCi9bqaiuSZEDfCEmwyo,5p7ujcrUXASCNwRaWNHR1C
4JkkvMpVl4lSioqQjeAL0q,6V9fHiv84WlVTg7CSnIVY2
1fqkbjEACMlekdddm5aobE,6V9fHiv84WlVTg7CSnIVY2
4JkkvMpVl4lSioqQjeAL0q,2usxQITOSDqvkYiI0oIwao
7ENISpOJhocpMJVcGb0qcT,5Ohxk2dO5COHF1krpoPigN
4JkkvMpVl4lSioqQjeAL0q,2plLJpUcYPFrl1sW2pMG63
1fqkbjEACMlekdddm5aobE,2plLJpUcYPFrl1sW2pMG63
4JkkvMpVl4lSioqQjeAL0q,1e9oZCCiX42nJl0AcqriVo
4JkkvMpVl4lSioqQjeAL0q,1M4qEo4HE3PRaCOM7EXNJq
1fqkbjEACMlekdddm5aobE,3jjujdWJ72nww5eGnfs2E7
1Sc7bobknESH7SXQcnmoX5,32iYwQ4OYiurnGnOfJ1aEh
1Sc7bobknESH7SXQcnmoX5,0X8DcetL926BYiPJYstJTc
1Sc7bobknESH7SXQcnmoX5,4VXIryQMWpIdGgYR4TrjT1
1Sc7bobknESH7SXQcnmoX5,1fCeXjoRExPP2qwSBh2aST
1Sc7bobknESH7SXQcnmoX5,3oDkdAySo1VQQG0ptV7uwa
6HaCi9bqaiuSZEDfCEmwyo,25YvGDl2zSE0pH8jrMZ6aY
1Sc7bobknESH7SXQcnmoX5,5Z3GHaZ6ec9bsiI5BenrbY
2Aud8PXoTGcyY5esHu4Aaz,5Z3GHaZ6ec9bsiI5BenrbY
37i9dQZF1DWT5MrZnPU1zD,1WIfWj5skn5UUZTs4cEFBe
6HaCi9bqaiuSZEDfCEmwyo,45Egmo7icyopuzJN0oMEdk
6HaCi9bqaiuSZEDfCEmwyo,4T3fNx3CgwDRRYgmFCbD4J
4JkkvMpVl4lSioqQjeAL0q,6zeeWid2sgw4lap2jV61PZ
4Bi8VLtaSu0JILliif8lH6,6zeeWid2sgw4lap2jV61PZ
1Sc7bobknESH7SXQcnmoX5,6zeeWid2sgw4lap2jV61PZ
4Bi8VLtaSu0JILliif8lH6,4AhSkRYioEIfGvCV19peYN
6HaCi9bqaiuSZEDfCEmwyo,6SkHm6poyKfzV6kc9any8k
4JkkvMpVl4lSioqQjeAL0q,09oZ9eXQ2fo6YDrPzJqAoP
4JkkvMpVl4lSioqQjeAL0q,5A1w94uzc1kO1Zhe8WWxC3
4JkkvMpVl4lSioqQjeAL0q,6TqXcAFInzjp0bODyvrWEq
4JkkvMpVl4lSioqQjeAL0q,1mpD5Q8IM32I4bF6eCpU74
4JkkvMpVl4lSioqQjeAL0q,1ToprX3cpBiXoAe5eNSk74
4JkkvMpVl4lSioqQjeAL0q,2YpeDb67231RjR0MgVLzsG
4JkkvMpVl4lSioqQjeAL0q,6fTt0CH2t0mdeB2N9XFG5r
37i9dQZF1DWT5MrZnPU1zD,4ak7xjvBeBOcJGWFDX9w5n
1fqkbjEACMlekdddm5aobE,3Yh9lZcWyKrK9GjbhuS0hR
37i9dQZF1DWT5MrZnPU1zD,2N0NifjyXAdMOB4KBGvBJ6
37i9dQZF1DWT5MrZnPU1zD,5is0hEWWStAbbHCjWyoxq2
1Sc7bobknESH7SXQcnmoX5,3a1lNhkSLSkpJE4MSHpDu9
37i9dQZF1DWT5MrZnPU1zD,2YK01AIIWuywG24gsbuizE
37i9dQZF1DWT5MrZnPU1zD,1OmcAT5Y8eg5bUPv9qJT4R
1Sc7bobknESH7SXQcnmoX5,65NwOZqoXny4JxqAPlfxRF
4Bi8VLtaSu0JILliif8lH6,7dt6x5M1jzdTEt8oCbisTK
1Sc7bobknESH7SXQcnmoX5,3swc6WTsr7rl9DqQKQA55C
1Sc7bobknESH7SXQcnmoX5,0e7ipj03S05BNilyu5bRzt
4Bi8VLtaSu0JILliif8lH6,1A6OTy97kk0mMdm78rHsm8
1Sc7bobknESH7SXQcnmoX5,1A6OTy97kk0mMdm78rHsm8
4JkkvMpVl4lSioqQjeAL0q,3KkXRkHbMCARz0aVfEt68P
4Bi8VLtaSu0JILliif8lH6,6MWtB6iiXyIwun0YzU6DFP
1fqkbjEACMlekdddm5aobE,6vBdBCoOhKHiYDDOcorfNo
4JkkvMpVl4lSioqQjeAL0q,21jGcNKet2qwijlDFuPiPb
1fqkbjEACMlekdddm5aobE,51MMC5DogGZAnHil5HQAXg
4JkkvMpVl4lSioqQjeAL0q,0t3ZvGKlmYmVsDzBJAXK8C
7ENISpOJhocpMJVcGb0qcT,7HFMdhQYWoedaefIWFin6a
7ENISpOJhocpMJVcGb0qcT,0tBbt8CrmxbjRP0pueQkyU
4JkkvMpVl4lSioqQjeAL0q,1HfMVBKM75vxSfsQ5VefZ5
1fqkbjEACMlekdddm5aobE,1HfMVBKM75vxSfsQ5VefZ5
4JkkvMpVl4lSioqQjeAL0q,4yI3HpbSFSgFZtJP2kDe5m
4JkkvMpVl4lSioqQjeAL0q,7HMmFQsKsljwTw8bS7lu19
2Aud8PXoTGcyY5esHu4Aaz,7evPpWWu01Klxi0KlPxR17
2Aud8PXoTGcyY5esHu4Aaz,7JJmb5XwzOO8jgpou264Ml
7ENISpOJhocpMJVcGb0qcT,79cuOz3SPQTuFrp8WgftAu
1Sc7bobknESH7SXQcnmoX5,79esEXlqqmq0GPz0xQSZTV
6HaCi9bqaiuSZEDfCEmwyo,5SwEgzUFDHwpWHKrbnP32Z
2Aud8PXoTGcyY5esHu4Aaz,5SwEgzUFDHwpWHKrbnP32Z
4JkkvMpVl4lSioqQjeAL0q,6LsAAHotRLMOHfCsSfYCsz
4JkkvMpVl4lSioqQjeAL0q,0TK2YIli7K1leLovkQiNik
7ENISpOJhocpMJVcGb0qcT,5xTtaWoae3wi06K5WfVUUH
2Aud8PXoTGcyY5esHu4Aaz,12WvaS3V4dPRBU2o37vX69
2Aud8PXoTGcyY5esHu4Aaz,1JbR9RDP3ogVNEWFgNXAjh
7ENISpOJhocpMJVcGb0qcT,2x0WlnmfG39ZuDmstl9xfX
4Pbs84EQbuAblxlp6Chz0d,5dikapPlQPrsT3xUsUjj0N
4Pbs84EQbuAblxlp6Chz0d,3vFj4xuQTXHOuo6L0qGafv
4Pbs84EQbuAblxlp6Chz0d,3Dt75NjLThmoBTp5wQC7g7
4Pbs84EQbuAblxlp6Chz0d,0dcf0L6F1LUA1nE2zWH4J2
4Pbs84EQbuAblxlp6Chz0d,46X8c9qJzpBLYcos3OX0CE
4Pbs84EQbuAblxlp6Chz0d,6Rqe6ghJ6t9SlQ2pRrt5tI
4Pbs84EQbuAblxlp6Chz0d,1FJrsh1NbV9eRw5JQt3M4e
4Pbs84EQbuAblxlp6Chz0d,4fLnXd56RsWN4ZBtb9TegQ
4Pbs84EQbuAblxlp6Chz0d,31ue6kAOfrqVrdoPdfkq40
4Pbs84EQbuAblxlp6Chz0d,4TgYcx5TPQF7xC79b6v4hP
4Pbs84EQbuAblxlp6Chz0d,6J7PIkhtHwmFjPLq0SyuPj
4Pbs84EQbuAblxlp6Chz0d,1bAvtmTl0F9loyz9AwPwp7
4Pbs84EQbuAblxlp6Chz0d,4PhsKqMdgMEUSstTDAmMpg
4Pbs84EQbuAblxlp6Chz0d,1gZADNt16Oh23jWyMYRk4p
4Pbs84EQbuAblxlp6Chz0d,1mhVXWduD8ReDwusfaHNwU
4Pbs84EQbuAblxlp6Chz0d,7fBv7CLKzipRk6EC6TWHOB
7ENISpOJhocpMJVcGb0qcT,2LBqCSwhJGcFQeTHMVGwy3
7ENISpOJhocpMJVcGb0qcT,5GXAXm5YOmYT0kL5jHvYBt
4Pbs84EQbuAblxlp6Chz0d,2Ch7LmS7r2Gy2kc64wv3Bz
4Pbs84EQbuAblxlp6Chz0d,00NAQYOP4AmWR549nnYJZu
4Pbs84EQbuAblxlp6Chz0d,4h90qkbnW1Qq6pBhoPvwko
4Pbs84EQbuAblxlp6Chz0d,4mU5iXHeLgbR94siF7p1sY
4Pbs84EQbuAblxlp6Chz0d,7MXVkk9YMctZqd1Srtv4MB
4Pbs84EQbuAblxlp6Chz0d,1oGdVdYjeQvojGKDddxLQQ
6HaCi9bqaiuSZEDfCEmwyo,6ZNo7Vi0TE9ul1fhKd4S1M
6HaCi9bqaiuSZEDfCEmwyo,1gm616Plq4ScqNi7TVkZ5N
4Pbs84EQbuAblxlp6Chz0d,4MPTj8lMMvxLwT3EwuXFop
4Pbs84EQbuAblxlp6Chz0d,13wNEvWmBsWaWVtiLPRIW5
4Pbs84EQbuAblxlp6Chz0d,5rgnyXr2PXFWsAnPFew077
4Pbs84EQbuAblxlp6Chz0d,26Fqtv4Aa7kyd1WWGHai6A
4Pbs84EQbuAblxlp6Chz0d,4rv1ww0dUwFZcDVPqhcOcX
4Pbs84EQbuAblxlp6Chz0d,72TyiiduRmczEbDIEtKQdR
4JkkvMpVl4lSioqQjeAL0q,0sf12qNH5qcw8qpgymFOqD
1fqkbjEACMlekdddm5aobE,0sf12qNH5qcw8qpgymFOqD
37i9dQZF1DWT5MrZnPU1zD,1wHZx0LgzFHyeIZkUydNXq
37i9dQZF1DWT5MrZnPU1zD,5cgEadiGKjtTP1Q6NJqVP5
37i9dQZF1DWT5MrZnPU1zD,6gBFPUFcJLzWGx4lenP6h2
4JkkvMpVl4lSioqQjeAL0q,2xLMifQCjDGFmkHkpNLD9h
1Sc7bobknESH7SXQcnmoX5,6NMtzpDQBTOfJwMzgMX0zl
1Sc7bobknESH7SXQcnmoX5,7lAK3oHbfEnvUQWosrMMpR
4JkkvMpVl4lSioqQjeAL0q,3eekarcy7kvN4yt5ZFzltW
4JkkvMpVl4lSioqQjeAL0q,7h0d2h0fUmzbs7zeFigJPn
