album_id,album_name,album_release_date
5KOu62BJwwCJTfyyAaEbZk,Sweetener,2018-08-17
3tx8gQqWbGwqIGZHqDNrGe,Sweetener,2018-08-17
684W6NpKllEexqQlGqetCi,"thank u, next",2018-11-03
61c5zqfBCSPO1tb3DFbbFB,imagine,2018-12-14
03D36t8ODrA8ATvoTStU9P,7 rings,2019-01-18
2fYhqwDWXjbpjaIJPEfKFw,"thank u, next",2019-02-08
0MbXjBEw6FrGtcglqEDHpb,MONOPOLY,2019-04-01
2qWVO5SXPdWAECnwEWYOJH,Don’t Call Me Angel (Charlie’s Angels),2019-09-13
287ZdmXv5M5YH5xxdGLhbY,Sensualidad,2017-11-03
7fRrTyKvE4Skh93v97gtcU,dont smile at me,2017-12-22
2sBB17RXTamvj7Ncps15AK,lovely (with Khalid),2018-04-19
2DfPdWWXknoGKrfa2Eicyw,when the party's over,2018-10-17
0lheRPWdziAtZEiww8TrUO,bury a friend,2019-01-30
6lMlX68jJrx67hiCqdiDvW,bad guy (with Justin Bieber),2019-07-11
4i3rAwPw7Ln2YrKDusaWyT,everything i wanted,2019-11-13
5chBPOVY2I0bG5V3igb5QL,Havana,2017-08-03
5yv7CeuVtzTi3SbOjCMOJH,Real Friends,2017-12-06
3HR8mnPQ7Go27WPMTNR2um,Never Be the Same,2017-12-17
2vD3zSQr8hNlg0obNel4TE,Camila,2018-01-12
3xgS4rfthlsvhW7J2WLiiR,Liar,2019-09-04
3Vsbl0diFGw8HNSjG8ue9m,Romance,2019-12-06
54tInqO543zy0Y5F2VsUQI,Amala,2018-03-30
1MmVkhiwTH0BkNOU3nw5d3,Hot Pink,2019-11-07
55UhXq8grzHPga0we8mEL3,More Than A Game,2009-01-01
6agmeioaDOBupymziJihgB,Thank Me Later (Int'l Version),2010-01-01
6X1x82kppWZmDzlXXK3y3q,Take Care (Deluxe),2011-11-15
63WdJvk8G9hxJn8u5rswNh,Take Care (Deluxe),2011-11-15
0ptlfJfwGTy0Yvrk14JK1I,If You're Reading This It's Too Late,2015-02-12
79qV4McLzhs8U3FyRKnocz,Back To Back,2015-07-31
1ozpmkWcCHwsQ4QTnxOOdT,What A Time To Be Alive,2015-09-20
40GMAhriYJRO1rsY4YdrZb,Views,2016-05-06
1lXY618HWkwYKJWBRYR4MK,More Life,2017-03-18
1JZxCJ86P4GUYkHj03CgDT,Signs,2017-06-23
1r0DOIO0iC0bGpMtWRFdde,Scary Hours,2018-01-20
1ZGxGu4fMROqmZsFSoepeE,Nice For What,2018-04-06
2o9McLtDM7mbODV7yZF2mc,Scorpion,2018-06-29
1ATL5GLyefJaxhQzSPVrLX,Scorpion,2018-06-29
00HZxSA1sOS9T3nA950sg4,The Best In The World Pack,2019-06-15
01sfgrNbnnPUEyz6GZYlt9,Dua Lipa (Deluxe),2017-06-02
11u8ZjrMHunQFg7l3nfDaX,Swan Song,2019-01-24
0ix3XtPV1LwmZADsprKxcp,Don't Start Now,2019-10-31
7oJa8bPFKVbq4c7NswXHw8,Shape of You,2017-01-06
3T4tUhGYeRNVUGevb0wThu,÷ (Deluxe),2017-03-03
52kvZcbEDm0v2kWZQXjuuA,Perfect Duet (Ed Sheeran & Beyoncé),2017-11-30
5Nux7ozBJ5KJ02QYWwrneR,I Don't Care (with Justin Bieber),2019-05-10
3E12WU80fDMyu7GyIAx7wJ,Beautiful People (feat. Khalid),2019-06-28
3oIFxDIo2fwuk4lwCmFZCx,No.6 Collaborations Project,2019-07-12
5OZJflQcQCdZLQjtUudCin,BADLANDS (Deluxe),2015-08-28
5HP0mClbg1U8UqxQ1FkUOF,Now Or Never,2017-04-04
0zzrCTzvL4ZmR42xF46Afm,Without Me,2018-10-04
66QwiCFDLtRbrZ5Vs9wlL9,Graveyard,2019-09-13
1gBDGPFz9v93dxE3fUU9eO,You should be sad,2020-01-10
1FZKIm3JVDCxTchXDo5jOV,Harry Styles,2017-05-12
4Aag1alBrdk2TFnATVmn8D,Lights Up,2019-10-11
659e2eKbsMH0vYCs5qgFmy,Watermelon Sugar,2019-11-17
5SL9nXZYZZl68bHwaM8uLa,Adore You,2019-12-06
7xV2TzoaVc0ycW7fwBwAml,Fine Line,2019-12-13
0nelyamSDy2XwukAEGcwJT,Lucid Dreams,2018-05-04
24X4IZGu9QcQ8pVf9dFAGg,Goodbye & Good Riddance,2018-05-23
6tkjU4Umpo79wwkgPMV3nZ,Goodbye & Good Riddance,2018-12-10
6kf46HbnYCZzP6rjvQHYzg,American Teen,2017-04-27
5f4VQ4QMbjZLMfxL7RM5aE,Location,2017-10-31
4CEAev7neETRdqBFtzA8B9,Love Lies (with Normani),2018-02-14
6Nd4PYvQ7aYid1Gn6sWgeG,Better,2018-09-14
2Qxc2NJ7yPKVFRWi3llRr2,Suncity,2018-10-18
4UNwL1B7JoymNUiTFJa52B,Suncity,2018-10-19
6KT8x5oqZJl9CcnM66hddo,Free Spirit,2019-04-05
2pSH41L4EXqhGHyTjM2dA2,Up All Night,2019-11-14
66o9dDjDduf6jpvZKzAXm4,Eleven,2020-01-09
4IRiXE5NROxknUSAUSjMoO,7 EP,2019-06-21
4CA8GvVF7swZafg0zYh9qq,Good as Hell,2016-03-09
7ENlsUA8w1nfUSFtpACj1A,White Iverson,2015-08-14
17Pjed9Gc8dwoICshV2LVK,Too Young,2015-10-09
5s0rmjP8XOPhP6HhqOhuyC,Stoney (Deluxe),2016-12-09
3oeiU8nG5eDm5YPpDvK6eS,Congratulations (Remix),2017-06-16
1YCRXKLDRB0UnbrFUJ4F6e,rockstar,2017-09-15
60uZsjVd3pN4lgT1nYzMxW,Psycho (feat. Ty Dolla $ign),2018-02-23
6trNtQUgC8cgbWcqoMYkOR,beerbongs & bentleys,2018-04-27
47LpgGVshd0tbFSbm9tTLb,Sunflower (Spider-Man: Into the Spider-Verse),2018-10-18
35s58BRTGAEWztPo9WqCIs,Spider-Man: Into the Spider-Verse (Soundtrack From & Inspired by the Motion Picture),2018-12-14
5Dcz8PZHKuvTyjbqEPL5VM,Wow.,2018-12-24
4FFBjcmX06VmazABtpRMyv,Goodbyes (Feat. Young Thug),2019-07-05
4g1ZRSobMefqF6nelkgibi,Hollywood's Bleeding,2019-09-06
3KziODx7ieQTgYCVrS6nBv,Hollywood's Bleeding,2019-09-06
3hGZMgci8rCQ3B6dxE3WJ1,Fetish (feat. Gucci Mane) [Galantis Remix],2017-08-23
5gQZvWM1o8NkQndueJtZcP,Wolves,2017-10-25
3tBkjgxDqAwss76O1YHsSY,Lose You To Love Me,2019-10-23
4O04QLiB0lGHQlygXxiMuX,Look At Her Now,2019-10-24
3YPFaTR7WMi1Hd4NVKdCJx,Rare,2020-01-10
2AJaA0is5qbaqFy77tPl7B,Illuminate (Deluxe),2016-09-23
3wBabo4pmzsYjALMSKY7Iq,Illuminate (Deluxe),2017-04-20
5yYFrOnqG8cEciKnsxHz2r,Illuminate (Deluxe),2017-04-20
2VP96XdMOKTXefI8Nui23s,Shawn Mendes,2018-05-25
6AjREacSERvnQTe6GFTx3c,Shawn Mendes,2018-05-25
1J2BrRxtQjVUa7X9Ne99xD,If I Can't Have You,2019-05-03
2ZaX1FdZCwchXl1QZiD4O4,Señorita,2019-06-21
2QJmrSgbdM35R67eoGQo4j,1989,2014-10-27
1Hrs3jLGexOvBoaPMoOQYJ,reputation (Big Machine Radio Release Special),2017-11-08
6DEjYFkNZh67HP7R9PSZvv,reputation,2017-11-10
5EbpxRwbbpCJUepbqVTZ1U,Trilogy,2012-01-01
2FgMWuwMeTgJArP2RF3upF,Kiss Land,2013-01-01
0P3oVJBFOv3TDXlYRhGL7s,Beauty Behind The Madness,2015-08-28
4AdZV63ycxFLF6Hcol0QnB,Starboy,2016-11-24
2ODvWsOgouMbaA5xf0RkJe,Starboy,2016-11-25
7znxn446I0HDNWcV86iRLz,Pray For Me (with Kendrick Lamar),2018-02-02
3iVFKUpkS32p2YcLMA02u6,"My Dear Melancholy,",2018-03-29
3N88bRVAwQrtKqSV0UgU69,"My Dear Melancholy,",2018-03-30
2ZfHkwHuoAZrlz7RMj0PDz,Blinding Lights,2019-11-29
4PWBTB6NYSKQwfo79I3prg,Rodeo (Expanded Edition),2015-09-04
4Q9gIbDuQiVOexTyDxx9V0,A-Team,2016-02-06
42WVQWuf1teDysXiOupIZt,Birds In The Trap Sing McKnight,2016-09-16
41GuZcammIkupMPKH2OJ6I,ASTROWORLD,2018-08-03
2uDTi1PlpSpvAv7IRAoAEU,HIGHEST IN THE ROOM,2019-10-04
1Sf8GsXG32t0jNrX11xqWx,JACKBOYS,2019-12-27
