track_id,song_name,popularity,duration_ms,danceability,energy,artist_name,album_id
1ChPiAIS5RGNUQY4ohyfXG,God is a woman,46,197547,0.602,0.658,Ariana Grande,5KOu62BJwwCJTfyyAaEbZk
1xWH8zYtDeS9mW1JJG23VZ,R.E.M,69,245667,0.831,0.485,Ariana Grande,3tx8gQqWbGwqIGZHqDNrGe
5F66aRuoZMrrvc7U7eTR1y,R.E.M,39,245667,0.831,0.485,Ariana Grande,5KOu62BJwwCJTfyyAaEbZk
4OafepJy2teCjYJbvFE60J,breathin,78,198160,0.568,0.656,Ariana Grande,3tx8gQqWbGwqIGZHqDNrGe
6euozmIGRL6aVin2ksJEJ2,get well soon,36,322027,0.604,0.45,Ariana Grande,5KOu62BJwwCJTfyyAaEbZk
0Tf9Mwk7DwysEajSNGa8n2,goodnight n go,39,189507,0.694,0.453,Ariana Grande,5KOu62BJwwCJTfyyAaEbZk
4wZqeCVR3fwS5MFoRtAnia,no tears left to cry,40,205920,0.701,0.713,Ariana Grande,5KOu62BJwwCJTfyyAaEbZk
02Qo5DFgoGTiBGo4ZUvjXm,pete davidson,36,73813,0.654,0.312,Ariana Grande,5KOu62BJwwCJTfyyAaEbZk
1rNNOKF4kiaNmdkpIKNsvd,raindrops (an angel cried),35,37640,0.336,0.231,Ariana Grande,5KOu62BJwwCJTfyyAaEbZk
6NPK12AruoBw2PPBQuku95,successful,36,227387,0.848,0.601,Ariana Grande,5KOu62BJwwCJTfyyAaEbZk
5sT3app9Wcu4FAGnNs9oZR,sweetener,40,208493,0.722,0.461,Ariana Grande,5KOu62BJwwCJTfyyAaEbZk
70khXICDeTTxgYtw3EysKH,sweetener,70,208493,0.721,0.459,Ariana Grande,3tx8gQqWbGwqIGZHqDNrGe
2uNre8fPMLoYIVj1P93qVE,the light is coming (feat. Nicki Minaj),44,228373,0.876,0.55,Ariana Grande,5KOu62BJwwCJTfyyAaEbZk
2rPE9A1vEgShuZxxzR2tZH,"thank u, next",28,207333,0.724,0.647,Ariana Grande,684W6NpKllEexqQlGqetCi
0todbbT9g5uQGbeFCiBf2F,imagine,11,212293,0.714,0.474,Ariana Grande,61c5zqfBCSPO1tb3DFbbFB
14msK75pk3pA33pzPVNtBF,7 rings,30,178640,0.725,0.321,Ariana Grande,03D36t8ODrA8ATvoTStU9P
4uTvPEr01pjTbZgl7jcKBD,NASA,76,182000,0.747,0.458,Ariana Grande,2fYhqwDWXjbpjaIJPEfKFw
4kV4N9D1iKVxx1KLvtTpjS,"break up with your girlfriend, i'm bored",84,190440,0.726,0.554,Ariana Grande,2fYhqwDWXjbpjaIJPEfKFw
2vdBo4ALPYbHRUPKgtE5iC,ghostin,73,271467,0.287,0.364,Ariana Grande,2fYhqwDWXjbpjaIJPEfKFw
39LmTF9RgyakzSYX8txrow,imagine,76,212267,0.729,0.475,Ariana Grande,2fYhqwDWXjbpjaIJPEfKFw
3e9HZxeyfWwjeyPAMmWSSQ,"thank u, next",87,207320,0.717,0.653,Ariana Grande,2fYhqwDWXjbpjaIJPEfKFw
6tsOcBnaKgzK22yEiqRh8P,MONOPOLY (with Victoria Monét),72,158587,0.892,0.507,Ariana Grande,0MbXjBEw6FrGtcglqEDHpb
3NkJNL3WqO1Lqc3uNDxvCN,Don’t Call Me Angel (Charlie’s Angels) (with Miley Cyrus & Lana Del Rey),65,190107,0.643,0.721,Ariana Grande,2qWVO5SXPdWAECnwEWYOJH
5hcisvFMidkMJlElTO9Qmw,Sensualidad,74,297485,0.807,0.681,Bad Bunny,287ZdmXv5M5YH5xxdGLhbY
41zXlQxzTi6cGAjpOXyLYH,idontwannabeyouanymore,85,203569,0.483,0.412,Billie Eilish,7fRrTyKvE4Skh93v97gtcU
0u2P5u6lvoDfwTYjAADbn4,lovely (with Khalid),89,200186,0.351,0.296,Billie Eilish,2sBB17RXTamvj7Ncps15AK
14JzyD6FlBD5z0wV5P07YI,when the party's over,26,199931,0.498,0.104,Billie Eilish,2DfPdWWXknoGKrfa2Eicyw
4NzMOnvSJVNKF7nw5NkXIP,bury a friend,21,193143,0.905,0.389,Billie Eilish,0lheRPWdziAtZEiww8TrUO
3yNZ5r3LKfdmjoS3gkhUCT,bad guy (with Justin Bieber),83,194840,0.67,0.453,Billie Eilish,6lMlX68jJrx67hiCqdiDvW
3ZCTVFBt2Brf31RLEnCkWJ,everything i wanted,97,245426,0.704,0.225,Billie Eilish,4i3rAwPw7Ln2YrKDusaWyT
0ofbQMrRDsUaVKq2mGLEAb,Havana,26,216897,0.768,0.517,Camila Cabello,5chBPOVY2I0bG5V3igb5QL
4V6MRo0CEAC9MwAm7dkPuL,Real Friends,63,213933,0.74,0.303,Camila Cabello,5yv7CeuVtzTi3SbOjCMOJH
6VpQdig9pdpTSIFItgkJV5,Never Be the Same,66,227088,0.643,0.709,Camila Cabello,3HR8mnPQ7Go27WPMTNR2um
1rfofaqEpACxVEHIZBJe6W,Havana (feat. Young Thug),84,217307,0.765,0.523,Camila Cabello,2vD3zSQr8hNlg0obNel4TE
7LzouaWGFCy4tkXDOOnEyM,Liar,87,207039,0.74,0.498,Camila Cabello,3xgS4rfthlsvhW7J2WLiiR
3yOlyBJuViE2YSGn3nVE1K,My Oh My (feat. DaBaby),94,170746,0.724,0.491,Camila Cabello,3Vsbl0diFGw8HNSjG8ue9m
1VJwtWR6z7SpZRwipI12be,Candy,85,190920,0.689,0.516,Doja Cat,54tInqO543zy0Y5F2VsUQI
3Dv1eDb0MEgF93GpLXlucZ,Say So,88,237893,0.787,0.673,Doja Cat,1MmVkhiwTH0BkNOU3nw5d3
6HSqyfGnsHYw9MmIpa9zlZ,Forever,67,357347,0.415,0.926,Drake,55UhXq8grzHPga0we8mEL3
1GxHeBvQ9935Dd3cSfsfBa,Best I Ever Had,72,258760,0.431,0.894,Drake,6agmeioaDOBupymziJihgB
0V4l4GQhgnWQGtCWpvA7va,Crew Love,69,208813,0.418,0.546,Drake,6X1x82kppWZmDzlXXK3y3q
0TiC3GtlMCskf2hIUIBcDV,Crew Love,51,208813,0.418,0.546,Drake,63WdJvk8G9hxJn8u5rswNh
047fCsbO4NdmwCBn8pcUXl,Marvins Room,74,347227,0.492,0.26,Drake,6X1x82kppWZmDzlXXK3y3q
124NFj84ppZ5pAxTuVQYCQ,Take Care,71,277387,0.629,0.515,Drake,6X1x82kppWZmDzlXXK3y3q
7JXZq0JgG2zTrSOAgY8VMC,Jungle,70,320400,0.69,0.235,Drake,0ptlfJfwGTy0Yvrk14JK1I
5lFDtgWsjRJu8fPOAyJIAK,Back To Back,69,170638,0.893,0.48,Drake,79qV4McLzhs8U3FyRKnocz
27GmP9AWRs744SzKcpJsTZ,Jumpman,75,205879,0.852,0.553,Drake,1ozpmkWcCHwsQ4QTnxOOdT
1zi7xx7UVEFkmKfv06H8x0,One Dance,83,173987,0.792,0.625,Drake,40GMAhriYJRO1rsY4YdrZb
3ppVO2tyWRRznNmONvt7Se,Summers Over Interlude,57,106333,0.698,0.255,Drake,40GMAhriYJRO1rsY4YdrZb
343YBumqHu19cGoGARUTsd,Fake Love,75,210937,0.928,0.481,Drake,1lXY618HWkwYKJWBRYR4MK
7y6c07pgjZvtHI9kuMVqk1,Get It Together,69,250337,0.781,0.721,Drake,1lXY618HWkwYKJWBRYR4MK
6Na5uKk5SsqZimk0hAWo8y,Signs,70,234373,0.794,0.735,Drake,1JZxCJ86P4GUYkHj03CgDT
2XW4DbS6NddZxRPm5rMCeY,God's Plan,17,198960,0.758,0.448,Drake,1r0DOIO0iC0bGpMtWRFdde
1cTZMwcBJT0Ka3UJPXOeeN,Nice For What,18,210926,0.567,0.913,Drake,1ZGxGu4fMROqmZsFSoepeE
1v1IXPXl73Z7zy6f5tUa9n,Emotionless,6,302173,0.413,0.676,Drake,2o9McLtDM7mbODV7yZF2mc
6DCZcSspjsKoFjzjrWoCdn,God's Plan,86,198973,0.754,0.449,Drake,1ATL5GLyefJaxhQzSPVrLX
2G7V7zsVDxg1yRsu7Ew9RJ,In My Feelings,83,217925,0.835,0.626,Drake,1ATL5GLyefJaxhQzSPVrLX
0bAkKNCQfWkexHFn7fIKns,In My Feelings,18,217933,0.735,0.482,Drake,2o9McLtDM7mbODV7yZF2mc
3jipFRgLyKK0oJoG1pKicx,Jaded,4,262453,0.766,0.272,Drake,2o9McLtDM7mbODV7yZF2mc
4c2xt1trwYZpMqPWY35Xi9,Jaded,68,262453,0.766,0.271,Drake,1ATL5GLyefJaxhQzSPVrLX
0TlLq3lA83rQOYtrqBqSct,Nonstop,82,238614,0.912,0.412,Drake,1ATL5GLyefJaxhQzSPVrLX
2Vx8E3K5icPZR7OCklWBXX,Nonstop,13,238613,0.909,0.405,Drake,2o9McLtDM7mbODV7yZF2mc
0w1ZtnzQmtmuuoKxHT0pLL,Summer Games,4,247893,0.776,0.482,Drake,2o9McLtDM7mbODV7yZF2mc
5ry2OE6R2zPQFDO85XkgRb,Money In The Grave (Drake ft. Rick Ross),88,205427,0.831,0.502,Drake,00HZxSA1sOS9T3nA950sg4
76cy1WJvNGJTj78UqeA5zr,IDGAF,82,217947,0.836,0.544,Dua Lipa,01sfgrNbnnPUEyz6GZYlt9
2ekn2ttSfGqwhhate0LSR0,New Rules,83,209320,0.762,0.7,Dua Lipa,01sfgrNbnnPUEyz6GZYlt9
5600nq7TiBraBX2jobyJ3l,Swan Song,70,182075,0.588,0.821,Dua Lipa,11u8ZjrMHunQFg7l3nfDaX
6WrI0LAC5M1Rw2MnX2ZvEg,Don't Start Now,97,183290,0.794,0.793,Dua Lipa,0ix3XtPV1LwmZADsprKxcp
0FE9t6xYkqWXU2ahLh6D8X,Shape of You,75,233713,0.825,0.652,Ed Sheeran,7oJa8bPFKVbq4c7NswXHw8
7qiZfU4dY1lWllzX7mPBI3,Shape of You,86,233713,0.825,0.652,Ed Sheeran,3T4tUhGYeRNVUGevb0wThu
1bhUWB0zJMIKr9yVPrkEuI,Perfect Duet (Ed Sheeran & Beyoncé),77,259550,0.587,0.299,Ed Sheeran,52kvZcbEDm0v2kWZQXjuuA
3HVWdVOQ0ZA45FuZGSfvns,I Don't Care (with Justin Bieber),90,219947,0.798,0.675,Ed Sheeran,5Nux7ozBJ5KJ02QYWwrneR
4evmHXcjt3bTUHD1cvny97,Beautiful People (feat. Khalid),89,197867,0.64,0.648,Ed Sheeran,3E12WU80fDMyu7GyIAx7wJ
70eFcWOvlMObDhURTqT4Fv,Beautiful People (feat. Khalid),85,197867,0.64,0.648,Ed Sheeran,3oIFxDIo2fwuk4lwCmFZCx
4wuCQX7JvAZLlrcmH4AeZF,Cross Me (feat. Chance the Rapper & PnB Rock),73,206187,0.746,0.787,Ed Sheeran,3oIFxDIo2fwuk4lwCmFZCx
4vUmTMuQqjdnvlZmAH61Qk,South of the Border (feat. Camila Cabello & Cardi B),91,204467,0.857,0.621,Ed Sheeran,3oIFxDIo2fwuk4lwCmFZCx
4lKXjLzAV0Nxwln8MxHVtQ,Coming Down,60,223299,0.625,0.753,Halsey,5OZJflQcQCdZLQjtUudCin
3Px934J0dBoCmpUhUuCQkD,Now Or Never,4,214802,0.66,0.575,Halsey,5HP0mClbg1U8UqxQ1FkUOF
5p7ujcrUXASCNwRaWNHR1C,Without Me,88,201661,0.752,0.488,Halsey,0zzrCTzvL4ZmR42xF46Afm
6V9fHiv84WlVTg7CSnIVY2,Graveyard,87,181806,0.667,0.583,Halsey,66QwiCFDLtRbrZ5Vs9wlL9
2usxQITOSDqvkYiI0oIwao,You should be sad,86,205473,0.591,0.585,Halsey,1gBDGPFz9v93dxE3fUU9eO
5Ohxk2dO5COHF1krpoPigN,Sign of the Times,80,340707,0.516,0.595,Harry Styles,1FZKIm3JVDCxTchXDo5jOV
2plLJpUcYPFrl1sW2pMG63,Lights Up,74,172227,0.585,0.62,Harry Styles,4Aag1alBrdk2TFnATVmn8D
1e9oZCCiX42nJl0AcqriVo,Watermelon Sugar,90,174000,0.548,0.816,Harry Styles,659e2eKbsMH0vYCs5qgFmy
1M4qEo4HE3PRaCOM7EXNJq,Adore You,91,207133,0.676,0.771,Harry Styles,5SL9nXZYZZl68bHwaM8uLa
3jjujdWJ72nww5eGnfs2E7,Adore You,88,207133,0.676,0.771,Harry Styles,7xV2TzoaVc0ycW7fwBwAml
32iYwQ4OYiurnGnOfJ1aEh,Lucid Dreams,5,239947,0.437,0.481,Juice WRLD,0nelyamSDy2XwukAEGcwJT
0X8DcetL926BYiPJYstJTc,Lucid Dreams,11,239836,0.511,0.566,Juice WRLD,24X4IZGu9QcQ8pVf9dFAGg
4VXIryQMWpIdGgYR4TrjT1,All Girls Are The Same,86,165820,0.671,0.529,Juice WRLD,6tkjU4Umpo79wwkgPMV3nZ
1fCeXjoRExPP2qwSBh2aST,Black & White,81,186945,0.776,0.736,Juice WRLD,6tkjU4Umpo79wwkgPMV3nZ
3oDkdAySo1VQQG0ptV7uwa,Lean Wit Me,83,175755,0.665,0.651,Juice WRLD,6tkjU4Umpo79wwkgPMV3nZ
25YvGDl2zSE0pH8jrMZ6aY,Therapy,65,257960,0.707,0.484,Khalid,6kf46HbnYCZzP6rjvQHYzg
5Z3GHaZ6ec9bsiI5BenrbY,Young Dumb & Broke,83,202547,0.798,0.539,Khalid,6kf46HbnYCZzP6rjvQHYzg
1WIfWj5skn5UUZTs4cEFBe,Location,63,217566,0.799,0.436,Khalid,5f4VQ4QMbjZLMfxL7RM5aE
45Egmo7icyopuzJN0oMEdk,Love Lies (with Normani),79,201707,0.708,0.648,Khalid,4CEAev7neETRdqBFtzA8B9
4T3fNx3CgwDRRYgmFCbD4J,Better,76,229413,0.442,0.585,Khalid,6Nd4PYvQ7aYid1Gn6sWgeG
6zeeWid2sgw4lap2jV61PZ,Better,81,229320,0.596,0.552,Khalid,2Qxc2NJ7yPKVFRWi3llRr2
4AhSkRYioEIfGvCV19peYN,Suncity (feat. Empress Of),65,189493,0.695,0.639,Khalid,2Qxc2NJ7yPKVFRWi3llRr2
6SkHm6poyKfzV6kc9any8k,Suncity (feat. Empress Of),71,189493,0.694,0.63,Khalid,4UNwL1B7JoymNUiTFJa52B
09oZ9eXQ2fo6YDrPzJqAoP,Outta My Head (with John Mayer),75,177067,0.729,0.545,Khalid,6KT8x5oqZJl9CcnM66hddo
5A1w94uzc1kO1Zhe8WWxC3,Right Back,70,215227,0.789,0.427,Khalid,6KT8x5oqZJl9CcnM66hddo
6TqXcAFInzjp0bODyvrWEq,Talk (feat. Disclosure),82,197573,0.901,0.4,Khalid,6KT8x5oqZJl9CcnM66hddo
1mpD5Q8IM32I4bF6eCpU74,Up All Night,87,157220,0.665,0.712,Khalid,2pSH41L4EXqhGHyTjM2dA2
1ToprX3cpBiXoAe5eNSk74,Eleven,83,206361,0.701,0.396,Khalid,66o9dDjDduf6jpvZKzAXm4
2YpeDb67231RjR0MgVLzsG,Old Town Road - Remix,90,157067,0.878,0.619,Lil Nas X,4IRiXE5NROxknUSAUSjMoO
6fTt0CH2t0mdeB2N9XFG5r,Panini,84,114893,0.703,0.594,Lil Nas X,4IRiXE5NROxknUSAUSjMoO
4ak7xjvBeBOcJGWFDX9w5n,Rodeo,78,158707,0.706,0.679,Lil Nas X,4IRiXE5NROxknUSAUSjMoO
3Yh9lZcWyKrK9GjbhuS0hR,Good as Hell,83,159736,0.682,0.919,Lizzo,4CA8GvVF7swZafg0zYh9qq
2N0NifjyXAdMOB4KBGvBJ6,White Iverson,5,255173,0.669,0.521,Post Malone,7ENlsUA8w1nfUSFtpACj1A
5is0hEWWStAbbHCjWyoxq2,Too Young,1,237627,0.637,0.67,Post Malone,17Pjed9Gc8dwoICshV2LVK
3a1lNhkSLSkpJE4MSHpDu9,Congratulations,84,220293,0.63,0.804,Post Malone,5s0rmjP8XOPhP6HhqOhuyC
2YK01AIIWuywG24gsbuizE,Congratulations - Remix,57,284133,0.722,0.728,Post Malone,3oeiU8nG5eDm5YPpDvK6eS
1OmcAT5Y8eg5bUPv9qJT4R,rockstar,14,218320,0.58,0.531,Post Malone,1YCRXKLDRB0UnbrFUJ4F6e
65NwOZqoXny4JxqAPlfxRF,Psycho (feat. Ty Dolla $ign),9,220880,0.74,0.558,Post Malone,60uZsjVd3pN4lgT1nYzMxW
7dt6x5M1jzdTEt8oCbisTK,Better Now,87,231267,0.68,0.578,Post Malone,6trNtQUgC8cgbWcqoMYkOR
3swc6WTsr7rl9DqQKQA55C,Psycho (feat. Ty Dolla $ign),83,221440,0.75,0.56,Post Malone,6trNtQUgC8cgbWcqoMYkOR
0e7ipj03S05BNilyu5bRzt,rockstar (feat. 21 Savage),88,218147,0.585,0.52,Post Malone,6trNtQUgC8cgbWcqoMYkOR
1A6OTy97kk0mMdm78rHsm8,Sunflower - Spider-Man: Into the Spider-Verse,24,158053,0.753,0.498,Post Malone,47LpgGVshd0tbFSbm9tTLb
3KkXRkHbMCARz0aVfEt68P,Sunflower - Spider-Man: Into the Spider-Verse,88,158040,0.76,0.479,Post Malone,35s58BRTGAEWztPo9WqCIs
6MWtB6iiXyIwun0YzU6DFP,Wow.,44,149520,0.833,0.539,Post Malone,5Dcz8PZHKuvTyjbqEPL5VM
6vBdBCoOhKHiYDDOcorfNo,Goodbyes (Feat. Young Thug),51,174960,0.58,0.653,Post Malone,4FFBjcmX06VmazABtpRMyv
21jGcNKet2qwijlDFuPiPb,Circles,98,215280,0.695,0.762,Post Malone,4g1ZRSobMefqF6nelkgibi
51MMC5DogGZAnHil5HQAXg,Circles,49,215280,0.695,0.762,Post Malone,3KziODx7ieQTgYCVrS6nBv
0t3ZvGKlmYmVsDzBJAXK8C,Goodbyes (feat. Young Thug),90,174853,0.548,0.653,Post Malone,4g1ZRSobMefqF6nelkgibi
7HFMdhQYWoedaefIWFin6a,Fetish (feat. Gucci Mane) - Galantis Remix,2,208048,0.717,0.718,Selena Gomez,3hGZMgci8rCQ3B6dxE3WJ1
0tBbt8CrmxbjRP0pueQkyU,Wolves,82,197993,0.724,0.804,Selena Gomez,5gQZvWM1o8NkQndueJtZcP
1HfMVBKM75vxSfsQ5VefZ5,Lose You To Love Me,93,206459,0.505,0.34,Selena Gomez,3tBkjgxDqAwss76O1YHsSY
4yI3HpbSFSgFZtJP2kDe5m,Look At Her Now,86,162596,0.563,0.564,Selena Gomez,4O04QLiB0lGHQlygXxiMuX
7HMmFQsKsljwTw8bS7lu19,Rare,88,220590,0.838,0.545,Selena Gomez,3YPFaTR7WMi1Hd4NVKdCJx
7evPpWWu01Klxi0KlPxR17,Mercy,18,208733,0.568,0.686,Shawn Mendes,2AJaA0is5qbaqFy77tPl7B
7JJmb5XwzOO8jgpou264Ml,There's Nothing Holdin' Me Back,82,199440,0.866,0.813,Shawn Mendes,3wBabo4pmzsYjALMSKY7Iq
79cuOz3SPQTuFrp8WgftAu,There's Nothing Holdin' Me Back,25,199440,0.857,0.8,Shawn Mendes,5yYFrOnqG8cEciKnsxHz2r
79esEXlqqmq0GPz0xQSZTV,Lost In Japan,79,201200,0.713,0.738,Shawn Mendes,2VP96XdMOKTXefI8Nui23s
5SwEgzUFDHwpWHKrbnP32Z,Youth feat. Khalid,11,190867,0.518,0.596,Shawn Mendes,6AjREacSERvnQTe6GFTx3c
6LsAAHotRLMOHfCsSfYCsz,If I Can't Have You,84,190800,0.692,0.809,Shawn Mendes,1J2BrRxtQjVUa7X9Ne99xD
0TK2YIli7K1leLovkQiNik,Señorita,93,190960,0.759,0.54,Shawn Mendes,2ZaX1FdZCwchXl1QZiD4O4
5xTtaWoae3wi06K5WfVUUH,Shake It Off,68,219200,0.648,0.785,Taylor Swift,2QJmrSgbdM35R67eoGQo4j
12WvaS3V4dPRBU2o37vX69,Gorgeous,67,209680,0.8,0.535,Taylor Swift,1Hrs3jLGexOvBoaPMoOQYJ
1JbR9RDP3ogVNEWFgNXAjh,Look What You Made Me Do,74,211853,0.766,0.709,Taylor Swift,1Hrs3jLGexOvBoaPMoOQYJ
2x0WlnmfG39ZuDmstl9xfX,End Game,68,244827,0.649,0.589,Taylor Swift,6DEjYFkNZh67HP7R9PSZvv
5dikapPlQPrsT3xUsUjj0N,Echoes Of Silence,55,240067,0.214,0.156,The Weeknd,5EbpxRwbbpCJUepbqVTZ1U
3vFj4xuQTXHOuo6L0qGafv,Gone,54,486773,0.494,0.697,The Weeknd,5EbpxRwbbpCJUepbqVTZ1U
3Dt75NjLThmoBTp5wQC7g7,Same Old Song,55,312053,0.771,0.56,The Weeknd,5EbpxRwbbpCJUepbqVTZ1U
0dcf0L6F1LUA1nE2zWH4J2,The Party & The After Party,60,459387,0.438,0.634,The Weeknd,5EbpxRwbbpCJUepbqVTZ1U
46X8c9qJzpBLYcos3OX0CE,The Zone,61,418507,0.619,0.521,The Weeknd,5EbpxRwbbpCJUepbqVTZ1U
6Rqe6ghJ6t9SlQ2pRrt5tI,Till Dawn (Here Comes The Sun),53,319693,0.697,0.542,The Weeknd,5EbpxRwbbpCJUepbqVTZ1U
1FJrsh1NbV9eRw5JQt3M4e,Twenty Eight,61,258453,0.639,0.633,The Weeknd,5EbpxRwbbpCJUepbqVTZ1U
4fLnXd56RsWN4ZBtb9TegQ,Valerie,62,286680,0.641,0.539,The Weeknd,5EbpxRwbbpCJUepbqVTZ1U
31ue6kAOfrqVrdoPdfkq40,Adaptation,44,283933,0.642,0.79,The Weeknd,2FgMWuwMeTgJArP2RF3upF
4TgYcx5TPQF7xC79b6v4hP,Tears In The Rain,43,444653,0.655,0.636,The Weeknd,2FgMWuwMeTgJArP2RF3upF
6J7PIkhtHwmFjPLq0SyuPj,Dark Times,69,260640,0.501,0.403,The Weeknd,0P3oVJBFOv3TDXlYRhGL7s
1bAvtmTl0F9loyz9AwPwp7,Losers,62,281147,0.666,0.485,The Weeknd,0P3oVJBFOv3TDXlYRhGL7s
4PhsKqMdgMEUSstTDAmMpg,Often,76,249040,0.569,0.629,The Weeknd,0P3oVJBFOv3TDXlYRhGL7s
1gZADNt16Oh23jWyMYRk4p,Prisoner,64,274960,0.55,0.404,The Weeknd,0P3oVJBFOv3TDXlYRhGL7s
1mhVXWduD8ReDwusfaHNwU,Tell Your Friends,68,334333,0.565,0.454,The Weeknd,0P3oVJBFOv3TDXlYRhGL7s
7fBv7CLKzipRk6EC6TWHOB,The Hills,83,242253,0.58,0.565,The Weeknd,0P3oVJBFOv3TDXlYRhGL7s
2LBqCSwhJGcFQeTHMVGwy3,Die For You,67,260253,0.586,0.525,The Weeknd,4AdZV63ycxFLF6Hcol0QnB
5GXAXm5YOmYT0kL5jHvYBt,I Feel It Coming,70,269187,0.773,0.819,The Weeknd,4AdZV63ycxFLF6Hcol0QnB
2Ch7LmS7r2Gy2kc64wv3Bz,Die For You,76,260253,0.586,0.525,The Weeknd,2ODvWsOgouMbaA5xf0RkJe
00NAQYOP4AmWR549nnYJZu,Secrets,71,265600,0.665,0.771,The Weeknd,2ODvWsOgouMbaA5xf0RkJe
4h90qkbnW1Qq6pBhoPvwko,Sidewalks,70,231360,0.542,0.721,The Weeknd,2ODvWsOgouMbaA5xf0RkJe
4mU5iXHeLgbR94siF7p1sY,Six Feet Under,69,237573,0.772,0.504,The Weeknd,2ODvWsOgouMbaA5xf0RkJe
7MXVkk9YMctZqd1Srtv4MB,Starboy,84,230453,0.678,0.588,The Weeknd,2ODvWsOgouMbaA5xf0RkJe
1oGdVdYjeQvojGKDddxLQQ,True Colors,69,206013,0.624,0.424,The Weeknd,2ODvWsOgouMbaA5xf0RkJe
6ZNo7Vi0TE9ul1fhKd4S1M,Pray For Me (with Kendrick Lamar),6,211440,0.734,0.667,The Weeknd,7znxn446I0HDNWcV86iRLz
1gm616Plq4ScqNi7TVkZ5N,Call Out My Name,11,228373,0.489,0.598,The Weeknd,3iVFKUpkS32p2YcLMA02u6
4MPTj8lMMvxLwT3EwuXFop,Call Out My Name,24,228373,0.449,0.599,The Weeknd,3N88bRVAwQrtKqSV0UgU69
13wNEvWmBsWaWVtiLPRIW5,Hurt You,17,230027,0.484,0.716,The Weeknd,3N88bRVAwQrtKqSV0UgU69
5rgnyXr2PXFWsAnPFew077,I Was Never There,17,241067,0.324,0.735,The Weeknd,3N88bRVAwQrtKqSV0UgU69
26Fqtv4Aa7kyd1WWGHai6A,Privilege,16,170573,0.391,0.595,The Weeknd,3N88bRVAwQrtKqSV0UgU69
4rv1ww0dUwFZcDVPqhcOcX,Try Me,19,221107,0.466,0.672,The Weeknd,3N88bRVAwQrtKqSV0UgU69
72TyiiduRmczEbDIEtKQdR,Wasted Times,18,220293,0.562,0.674,The Weeknd,3N88bRVAwQrtKqSV0UgU69
0sf12qNH5qcw8qpgymFOqD,Blinding Lights,98,201573,0.513,0.796,The Weeknd,2ZfHkwHuoAZrlz7RMj0PDz
1wHZx0LgzFHyeIZkUydNXq,Antidote,77,262693,0.713,0.526,Travis Scott,4PWBTB6NYSKQwfo79I3prg
5cgEadiGKjtTP1Q6NJqVP5,A-Team,66,176640,0.626,0.526,Travis Scott,4Q9gIbDuQiVOexTyDxx9V0
6gBFPUFcJLzWGx4lenP6h2,goosebumps,86,243837,0.841,0.728,Travis Scott,42WVQWuf1teDysXiOupIZt
2xLMifQCjDGFmkHkpNLD9h,SICKO MODE,87,312820,0.834,0.73,Travis Scott,41GuZcammIkupMPKH2OJ6I
6NMtzpDQBTOfJwMzgMX0zl,SKELETONS,71,145588,0.46,0.686,Travis Scott,41GuZcammIkupMPKH2OJ6I
7lAK3oHbfEnvUQWosrMMpR,YOSEMITE,80,150043,0.785,0.554,Travis Scott,41GuZcammIkupMPKH2OJ6I
3eekarcy7kvN4yt5ZFzltW,HIGHEST IN THE ROOM,94,175721,0.598,0.427,Travis Scott,2uDTi1PlpSpvAv7IRAoAEU
7h0d2h0fUmzbs7zeFigJPn,HIGHEST IN THE ROOM (feat. ROSALÍA & Lil Baby) - REMIX,89,244874,0.559,0.491,Travis Scott,1Sf8GsXG32t0jNrX11xqWx
